start_time_s,end_time_s,pitch_midi,velocity,pitch_bend
232.40652879818595,238.37790884353743,40,104,-2,-2,0,0,0,0,0,0,0,0,0,0,0,0,0,0,0,0,0,0,0,0,0,0,0,0,0,0,0,0,0,0,0,0,0,0,0,0,0,1,1,1,1,1,1,1,1,1,1,1,1,0,0,0,1,1,1,1,1,1,1,1,1,1,1,1,1,1,1,1,1,1,1,1,1,1,1,1,1,1,1,1,1,1,1,1,1,1,1,1,1,1,1,1,1,1,1,1,1,1,1,1,1,1,1,1,1,1,1,1,1,1,1,1,1,1,1,1,1,1,1,1,1,1,1,1,1,1,1,1,1,1,1,1,1,1,1,1,1,1,1,1,1,1,1,1,1,1,1,1,1,1,1,1,1,1,1,1,1,1,1,1,1,1,1,1,1,1,1,1,1,1,1,1,1,1,1,1,1,1,1,1,1,1,1,1,1,1,1,1,1,1,1,1,1,1,1,1,1,1,1,1,1,1,1,1,1,1,1,1,1,1,1,1,1,1,1,1,1,1,1,1,1,1,1,1,1,1,1,1,1,1,1,1,1,1,1,1,1,1,1,1,1,1,1,1,1,1,1,1,1,1,1,1,1,1,1,1,1,1,1,1,1,1,1,1,1,1,1,1,1,1,1,1,1,1,1,1,1,1,1,1,1,1,1,1,1,1,1,1,1,1,1,1,1,1,1,1,1,1,1,1,1,1,1,1,1,1,1,1,1,1,1,1,1,1,1,1,1,1,1,1,1,1,1,1,1,1,1,1,1,1,1,1,1,1,1,1,1,1,1,1,1,1,1,1,1,1,1,1,1,1,1,1,1,1,1,1,1,1,1,1,1,1,1,1,1,1,1,1,1,1,1,1,1,1,1,1,1,1,1,1,1,1,1,1,1,1,1,1,1,1,1,1,1,1,1,1,1,1,1,1,1,1,1,1,1,1,1,1,1,1,1,1,1,1,1,1,1,1,1,1,1,1,1,1,1,1,1,1,1,1,1,1,1,1,1,1,1,1,1,1,1,1,1,1,1,1,1,1,1,1,1,1,1,1,1,1,1,1,1,1,1,1,1,1,1,1,1,1,1,1,1,1,1,1,1,1,1,1,1,1,1,1,1,1,1,1,1,1,1,1,1,1,1,1,1,1,1,1,1,1,1,1,1,1,1,1,1,1,1,1,1,1,1,1,1
232.23237913832202,232.37169886621317,38,51,-2,-2,-1,-1,1,1,1,1,1,1,1,1
232.15110929705216,232.23237913832202,37,43,1,1,1,1,1,1,1
232.03500952380952,232.15110929705216,36,51,-2,-2,-2,-2,-2,1,1,1,1,1
230.68825215419503,232.03500952380952,35,103,1,1,1,1,1,1,1,1,1,1,1,1,1,1,1,1,1,1,1,1,1,1,1,1,1,1,1,1,1,1,1,1,1,1,1,1,1,1,1,1,1,1,1,1,1,1,1,1,1,1,1,1,1,1,1,1,1,1,1,1,1,1,1,1,1,1,1,1,1,1,1,1,1,1,1,1,1,1,1,1,1,1,1,1,1,1,1,1,1,1,1,1,1,1,1,1,1,1,1,1,1,1,1,1,1,1,1,1,1,1,1,1,1,1,1,1
230.61859229024944,231.09460136054423,47,42,0,0,1,1,1,1,1,1,1,1,1,1,1,1,1,1,1,1,1,1,1,1,1,1,1,1,1,1,1,1,1,1,1,1,1,1,1,1,1,1,1
230.33866893424036,230.5721523809524,34,72,-2,1,1,1,1,1,1,1,1,1,1,1,1,0,0,0,0,0,0,0,0
229.0035215419501,230.33866893424036,33,103,1,1,1,1,1,1,1,1,1,1,1,1,1,1,1,1,1,1,1,1,1,1,1,1,1,1,1,1,1,1,1,1,1,1,1,1,1,1,1,1,1,1,1,1,1,1,1,1,1,1,1,1,1,1,1,1,1,1,1,1,1,1,1,1,1,1,1,1,1,1,1,1,1,1,1,1,1,1,1,1,1,1,1,1,1,1,1,1,1,1,1,1,1,1,1,1,1,1,1,1,1,1,1,1,1,1,1,1,1,1,1,1,1,1,1
228.89903174603174,229.0035215419501,33,53,0,0,1,1,1,1,1,1,1
227.34201088435375,228.95708163265306,28,83,1,1,1,1,1,1,1,1,1,1,1,1,1,1,1,1,1,1,1,1,1,1,1,1,1,1,1,1,1,1,1,1,1,1,1,1,1,1,1,1,1,1,1,1,1,1,1,1,1,1,1,1,1,1,1,1,1,1,1,1,1,1,1,1,1,1,1,1,1,1,1,1,1,1,1,1,1,1,1,1,1,1,1,1,1,1,1,1,1,1,1,1,1,1,1,1,1,1,1,1,1,1,1,1,1,1,1,1,1,1,1,1,1,1,1,1,1,1,1,1,1,1,1,1,1,1,1,1,1,1,1,1,1,1,1,1,1,1,1,1
227.22591111111112,227.34201088435375,36,46,1,1,1,1,1,1,1,1,1,1
227.0053215419501,227.14464126984126,34,40,2,2,2,2,2,2,2,2,2,2,2,2
226.912441723356,227.0053215419501,35,61,1,1,1,1,1,1,1,1
226.83117188208618,226.912441723356,35,50,1,1,1,1,1,1,1
225.6108403628118,226.8543918367347,40,94,1,1,1,0,1,1,1,1,1,1,1,1,1,1,1,1,1,1,1,1,1,1,1,1,1,1,1,1,1,1,1,1,1,1,1,1,1,1,1,1,1,1,1,1,1,1,1,1,1,1,1,1,1,1,1,1,1,1,1,1,1,1,1,1,1,1,1,1,1,1,1,1,1,1,1,1,1,1,1,1,1,1,1,1,1,1,1,1,1,1,1,1,1,1,1,1,1,1,1,1,1,1,1,1,1,1,1,1
225.47152063492064,225.63406031746032,42,79,1,1,1,1,1,1,1,1,1,1,1,1,1,1
225.3902507936508,225.47152063492064,42,82,0,1,1,1,1,1,1
225.18127120181407,225.40186077097508,40,80,1,2,2,2,1,1,1,1,1,1,1,1,1,1,1,1,1,1,1
225.1464412698413,225.22771111111112,35,54,1,1,1,1,1,1,1
225.0767814058957,225.18127120181407,40,47,1,1,1,1,1,1,1,1,1
224.94907165532882,225.1464412698413,35,90,1,1,1,1,1,1,1,1,1,1,1,1,1,1,1,1,1
224.21635918367346,224.94907165532882,35,93,0,1,1,1,1,1,1,1,1,1,1,1,1,1,1,1,1,1,1,1,1,1,1,1,1,1,1,1,1,1,1,1,1,1,1,1,1,1,1,1,1,1,1,1,1,1,1,1,1,1,1,1,1,1,1,1,1,1,1,1,1,1,1,1
224.018989569161,224.21635918367346,35,85,1,1,1,1,1,1,1,1,0,0,0,0,0,0,0,0,0
223.93771972789116,224.018989569161,35,57,0,0,0,0,0,1,1
223.82161995464853,223.9261097505669,34,47,0,0,0,0,1,-1,-1,0,0
223.60103038548752,223.82161995464853,33,81,1,1,1,1,1,1,1,1,1,1,1,1,1,1,1,1,1,1,1
223.50815056689342,223.60103038548752,33,54,0,0,0,0,0,0,1,1
223.33400090702946,223.50815056689342,33,69,1,1,1,1,1,0,0,0,0,0,0,0,0,0,0
222.4271387755102,223.33400090702946,33,98,1,1,1,1,1,1,1,1,1,1,1,1,1,1,1,1,1,1,1,1,1,1,1,1,1,1,1,1,1,1,1,1,1,1,1,1,1,1,1,1,1,1,1,1,1,1,1,1,1,1,1,1,1,1,1,1,1,1,1,1,1,1,1,1,1,1,1,1,1,1,1,1,1,1,1,1,1,1,1
222.35747891156464,222.55613242630386,45,45,1,1,1,1,1,1,1,1,1,1,1,1,1,1,1,1,1,1
222.28781904761905,222.4271387755102,33,61,-1,-1,2,2,2,2,1,1,1,1,1,1
221.89307981859412,222.28781904761905,32,74,1,1,1,1,1,1,1,1,1,1,1,1,1,1,1,1,1,1,1,1,1,1,1,1,1,1,1,1,1,1,1,1,0,0
221.56800045351474,221.8582498866213,30,73,1,1,1,1,1,1,1,1,1,1,1,1,1,1,1,1,1,1,1,1,1,1,1,1,1
221.4867306122449,221.56800045351474,30,69,1,1,1,1,1,1,1
221.47512063492064,221.66088027210884,49,45,1,1,1,1,1,1,1,1,1,1,1,1,1,1,1,1
221.47512063492064,221.78859002267575,42,51,1,1,1,1,1,1,1,1,1,1,1,1,1,1,1,1,1,1,1,1,1,1,1,1,1,3,3
221.40546077097505,221.47512063492064,49,45,1,1,1,1,1,1
221.25453106575964,221.46351065759637,32,63,1,1,1,1,1,1,1,1,1,1,1,1,1,1,1,1,2,2
221.13843129251703,221.25453106575964,42,58,1,1,1,1,1,1,2,2,2,2
221.0803814058957,221.2429210884354,49,55,0,1,1,1,1,1,1,1,1,1,1,1,2,2
221.0455514739229,221.13843129251703,42,43,1,1,0,2,1,1,1,1
220.7901319727891,221.0455514739229,32,75,1,1,1,1,1,1,0,0,0,0,0,1,1,1,1,1,1,1,1,1,1,1
220.65081224489796,220.7901319727891,32,91,1,1,1,1,1,1,1,1,1,1,1,1
220.24317913832198,220.65081224489796,32,81,1,1,1,1,1,1,1,1,1,1,1,1,1,1,1,1,1,1,1,1,1,1,1,1,1,1,1,1,1,1,1,1,1,1,1,1
219.9877596371882,220.24317913832198,32,77,1,1,1,1,1,1,1,1,1,1,1,1,1,1,1,1,1,1,1,1,1,1
219.00091156462585,219.9877596371882,32,93,2,1,1,1,1,1,1,1,0,1,1,1,1,1,1,1,1,1,1,1,1,1,1,1,1,1,1,1,1,1,1,1,1,1,1,1,1,1,1,1,1,1,1,1,1,1,1,1,1,1,1,1,1,1,1,1,1,1,1,1,1,1,1,1,1,1,1,1,1,1,1,1,1,1,1,1,1,1,1,1,1,1,1,1,1
218.76871201814058,218.96608163265304,30,53,2,1,1,1,1,1,1,1,1,1,1,1,1,1,1,1,2
218.2101492063492,218.51200861678004,28,72,1,1,1,1,1,1,1,1,1,1,1,1,1,1,1,1,1,1,1,1,1,1,1,1,1,1
217.78058004535148,218.2101492063492,28,74,1,1,1,1,1,1,1,1,1,1,1,1,1,1,1,1,1,1,1,1,1,1,1,1,1,1,1,1,1,1,1,1,1,1,1,1,1
217.35101088435374,217.78058004535148,28,76,1,1,1,1,1,1,1,1,1,1,1,1,1,1,1,1,1,1,1,1,1,1,1,1,1,2,2,2,2,2,2,2,2,2,2,2,1
217.28135102040815,217.35101088435374,28,61,1,1,1,1,1,1
216.90983174603176,217.28135102040815,28,55,1,1,1,1,1,1,1,1,1,1,1,1,1,1,1,1,1,1,1,1,1,1,1,1,1,1,1,1,1,1,1,1
215.73594013605444,216.90983174603176,28,80,1,1,1,1,1,1,1,1,1,1,1,1,1,1,1,1,1,1,1,1,1,1,1,1,1,1,1,1,1,1,1,1,1,1,1,1,1,1,1,1,1,1,1,1,1,1,1,1,1,1,1,1,1,1,1,1,1,1,1,1,1,1,1,1,1,1,1,1,1,1,1,1,1,1,1,1,1,1,1,1,1,1,1,1,0,0,0,0,0,0,0,0,0,0,0,0,1,1,1,1,1,1
215.65467029478458,215.85203990929708,40,41,1,1,1,1,1,1,1,1,1,1,1,1,1,1,1,1,1
215.09739138321996,215.31798095238096,35,77,1,1,1,1,1,1,1,1,1,1,1,1,1,1,1,1,1,1,-1
214.79553197278912,215.09739138321996,35,85,2,2,2,1,1,1,1,1,0,0,0,1,1,1,1,1,1,1,1,1,1,1,1,1,1,1
214.72587210884356,214.8071419501134,42,65,1,1,2,2,2,2,2
214.59816235827665,214.72587210884356,42,93,1,1,1,1,1,1,1,1,1,1,1
214.5517224489796,214.79553197278912,35,60,1,1,2,2,2,2,2,2,0,0,0,1,1,1,1,2,2,2,2,2,2
214.4343387755102,214.5517224489796,35,88,1,1,1,1,1,1,1,1,1,1,1
214.13247936507935,214.4343387755102,35,88,1,1,1,1,1,1,1,1,1,1,1,1,1,1,1,1,1,1,1,0,0,0,0,0,0,0
214.02798956916098,214.26018911564626,47,45,1,1,0,0,0,0,0,0,0,0,0,0,1,1,1,1,1,1,1,0
213.98154965986393,214.13247936507935,35,81,1,1,1,1,1,1,1,1,1,1,1,1,1
213.95832970521542,214.02798956916098,47,41,0,0,0,0,1,1
213.8074,213.87705986394556,37,39,1,1,1,1,1,1
213.57520045351473,213.7377401360544,35,65,1,1,1,1,1,1,1,1,1,1,1,1,1,1
213.4939306122449,213.57520045351473,35,44,0,0,0,0,0,0,0
212.38969886621317,213.52876054421768,40,90,0,1,1,1,1,1,1,1,1,1,1,1,1,1,1,1,1,1,1,1,1,1,1,1,1,1,1,1,1,1,1,1,1,1,1,1,1,1,1,1,1,1,1,1,1,1,1,1,1,1,1,1,1,1,1,1,1,1,1,1,1,1,1,1,1,1,1,1,1,1,1,1,1,1,1,1,1,1,1,1,1,1,1,1,1,1,1,1,1,1,1,1,1,1,1,1,1,0,0
212.33164897959185,212.52901859410431,52,64,0,0,0,1,1,1,1,1,0,1,0,1,1,0,0,0,0
212.3084290249433,212.38969886621317,40,76,1,1,1,1,1,0,0
212.27359909297053,212.34325895691612,36,44,-1,-1,-1,-1,2,2
212.14588934240362,212.27359909297053,35,67,1,1,1,1,2,2,2,2,2,2,2
211.96012970521542,212.14588934240362,35,90,1,1,1,1,1,1,1,1,1,1,1,1,1,1,1,1
211.8788598639456,211.96012970521542,35,83,1,1,1,1,1,1,1
211.12421133786847,211.8788598639456,35,84,1,1,1,1,1,1,1,1,1,1,1,1,1,1,1,1,1,1,1,1,1,1,1,1,1,1,1,1,1,0,0,1,1,1,1,1,1,1,1,1,1,1,1,1,1,1,1,1,1,1,1,1,1,1,1,1,1,1,1,1,1,1,1,1,1
211.0893814058957,211.15904126984128,47,38,1,1,1,1,1,1
210.75269206349208,211.12421133786847,35,83,1,1,1,1,1,1,1,1,1,1,1,1,1,1,1,1,1,1,1,1,1,1,1,1,1,1,1,1,1,1,1,1
210.6482022675737,210.79913197278913,47,57,1,1,1,1,1,1,1,1,1,1,1,1,1
210.63659229024944,210.75269206349208,35,68,2,2,2,1,1,1,1,1,1,1
210.21734920634918,210.60176235827666,33,82,1,1,1,1,1,1,1,1,1,1,1,1,1,1,1,1,1,1,1,1,1,1,1,1,1,1,1,1,1,0,0,0,0,0
208.97508163265306,210.21734920634918,33,85,1,1,1,1,1,1,1,1,1,1,1,1,1,1,1,1,1,1,1,1,1,1,1,1,1,1,1,1,1,1,1,1,1,1,1,1,1,1,1,1,1,1,1,1,1,1,1,1,1,1,1,1,1,1,1,1,1,1,1,1,1,1,1,1,1,1,1,1,1,1,1,1,1,1,1,1,1,1,1,1,1,1,1,1,1,1,1,1,1,1,1,1,1,1,1,1,1,1,1,1,1,1,1,1,1,1,1
208.66161224489795,208.78932199546483,40,67,1,1,1,1,1,1,1,1,1,1,1
208.5674485260771,208.66161224489795,40,87,1,1,1,1,1,1,1,1,1
208.13787936507936,208.55583854875283,42,80,1,1,1,1,1,1,1,1,1,1,1,1,1,1,1,1,1,1,1,1,1,1,1,1,1,1,1,1,1,1,1,1,0,2,2,2
208.05660952380953,208.13787936507936,42,63,1,1,1,1,1,1,1
207.82440997732425,208.05660952380953,44,81,1,1,1,1,1,1,1,1,1,1,1,1,1,1,1,1,1,1,1,1
207.78958004535147,207.97533968253967,32,63,1,1,1,1,1,1,1,1,1,1,1,1,1,1,1,1
207.74314013605442,207.82440997732425,44,53,-1,0,1,1,1,1,1
207.39484081632654,207.78958004535147,32,73,1,1,1,1,1,1,1,1,1,1,1,1,1,1,1,1,1,1,1,1,1,1,1,1,1,1,1,1,1,1,1,1,1,1
206.90722176870747,207.39484081632654,32,79,0,0,0,0,0,0,0,1,1,1,1,1,1,1,1,1,1,1,1,1,1,1,1,1,1,1,1,1,0,0,1,1,0,0,0,0,0,0,0,0,0,1
206.52280861678005,206.90722176870747,32,83,1,1,1,1,1,1,1,1,1,1,1,1,1,1,1,1,1,1,1,1,1,1,1,1,1,1,1,1,0,0,0,0,0,0
206.1628993197279,206.52280861678005,32,85,1,1,1,1,1,1,1,1,1,1,1,1,1,1,1,1,1,1,1,1,1,1,1,1,1,1,1,1,1,1,1
205.67528027210886,206.1628993197279,32,85,0,0,0,0,1,1,1,1,1,1,1,1,1,1,1,1,1,1,1,1,1,1,1,1,1,1,1,1,1,1,1,1,1,1,1,1,1,1,1,1,1,1
205.48952063492064,205.65206031746033,31,51,-2,-2,1,1,1,1,1,1,1,0,0,0,0,0
205.2573210884354,205.48952063492064,30,73,1,1,1,1,1,1,1,1,1,1,1,1,1,1,1,1,1,1,1,1
205.2224911564626,205.32698095238095,54,36,2,2,2,2,1,1,1,1,1
204.94385170068028,205.21088117913834,28,73,1,1,1,1,1,1,1,1,1,1,1,1,1,1,1,1,1,1,1,1,1,1,2
204.88580181405896,205.01351156462587,40,36,1,1,1,1,1,1,1,1,1,1,1
204.47816870748298,204.94385170068028,28,71,1,1,1,1,1,1,1,1,1,1,1,1,1,1,1,1,1,1,1,1,1,1,1,1,1,1,1,1,1,1,1,1,0,0,0,0,0,1,1,1,1
203.9441097505669,204.47816870748298,28,76,1,1,1,1,1,1,1,1,1,1,1,1,1,1,1,1,1,1,1,1,1,1,1,1,1,1,1,1,1,1,1,1,1,1,1,1,1,1,0,0,0,1,1,1,1,1
203.61903038548752,203.9441097505669,28,54,1,1,1,1,1,1,1,1,1,1,1,1,2,2,2,1,1,1,1,1,1,1,1,1,1,1,1,1
203.54937052154193,203.79318004535148,40,43,1,1,1,1,1,1,1,1,1,1,1,1,1,1,1,1,1,1,1,1,1
202.34064897959183,203.61903038548752,28,82,1,1,1,1,1,1,1,1,1,1,1,1,1,1,1,1,1,1,1,1,1,1,1,1,1,1,1,1,1,1,1,1,1,1,1,1,1,1,1,1,1,1,1,1,1,1,1,1,1,1,1,1,1,1,1,1,1,1,1,1,1,1,1,1,1,1,1,1,1,1,1,1,1,1,1,1,1,1,1,1,1,1,1,1,1,1,1,1,1,1,1,1,2,2,2,2,2,2,2,2,2,2,2,2,2,2,2,1,1,1,1
202.12005941043085,202.29420907029478,35,69,1,1,1,1,1,1,1,1,1,1,1,1,1,1,1
202.038789569161,202.12005941043085,35,87,1,1,1,1,1,1,1
201.67888027210884,202.038789569161,35,92,1,1,1,1,1,1,1,1,1,1,1,1,1,1,1,1,1,1,1,1,1,1,1,1,1,1,1,1,1,1,1
201.4699006802721,201.67888027210884,35,90,1,1,1,1,1,1,1,1,1,1,1,1,1,1,1,1,1,1
201.27253106575964,201.4699006802721,35,89,1,1,1,1,1,1,1,1,1,1,1,1,1,1,1,1,1
200.60947845804986,201.27253106575964,35,93,0,0,0,1,1,1,1,1,1,1,1,1,1,1,1,1,1,1,1,1,1,1,1,1,1,1,1,1,1,1,1,1,1,1,1,1,1,1,1,1,1,1,1,1,1,1,1,1,1,1,1,1,1,1,1,1,1,1
200.2263492063492,200.35405895691608,39,52,4,1,1,1,1,0,0,0,0,0,0
198.98408163265304,200.2263492063492,40,91,1,1,1,1,1,1,1,1,1,1,1,1,1,1,1,1,1,1,1,1,1,1,1,1,1,1,1,1,1,1,1,1,1,1,1,1,1,1,1,1,1,1,1,1,1,1,1,1,1,1,1,1,1,1,1,1,1,1,1,1,1,1,1,1,1,1,1,1,1,1,1,1,1,1,1,1,1,1,1,1,1,1,1,1,1,1,1,1,1,1,1,1,1,1,1,1,1,1,1,1,1,1,1,1,1,1,1
198.78671201814058,198.96086167800453,42,61,-1,1,1,1,1,1,1,1,1,1,1,2,2,2,2
198.55322857142858,198.74027210884353,40,69,1,1,1,1,1,1,1,1,1,1,1,1,1,1,1,1,1
198.5416185941043,198.6344984126984,35,50,1,1,1,1,1,1,1,1
198.483568707483,198.55322857142858,40,51,1,1,1,1,1,1
198.33263900226757,198.5416185941043,35,86,1,1,1,1,1,1,1,1,1,1,1,1,1,1,1,1,1,1
197.77536009070295,198.33263900226757,35,91,1,1,1,1,1,1,1,1,1,1,1,1,1,1,1,1,1,1,1,1,1,1,1,1,1,1,1,1,1,1,1,1,1,1,1,1,1,1,1,1,1,1,1,1,1,1,1,1
197.4735006802721,197.77536009070295,35,87,1,1,1,1,1,1,1,1,1,1,1,1,1,1,1,1,1,1,0,0,0,0,0,0,0,1
197.35740090702947,197.4735006802721,35,79,1,1,1,1,1,1,1,1,1,1
197.2877410430839,197.5083306122449,47,43,0,0,1,1,0,0,0,0,1,1,1,1,1,1,1,1,1,1,1
197.2877410430839,197.35740090702947,35,50,1,1,1,1,1,1
197.12520136054422,197.2877410430839,33,68,0,0,1,1,1,1,1,1,1,1,1,1,1,1
196.90461179138322,197.12520136054422,33,73,1,1,1,1,1,1,1,1,1,1,1,1,1,0,0,0,0,0,0
196.64790839002268,196.90461179138322,33,59,1,1,1,1,0,0,0,1,1,1,1,1,1,-1,-1,1,1,1,0,0,0,1,1
195.67267029478458,196.64790839002268,33,97,1,1,1,1,1,1,1,1,1,1,1,1,1,1,1,1,1,1,1,1,1,1,1,1,1,1,1,1,1,1,1,1,1,1,1,1,1,1,1,1,1,1,1,1,1,1,1,1,1,1,1,1,1,1,1,1,1,1,1,1,1,1,1,1,1,1,1,1,1,1,1,1,1,1,1,1,1,1,1,1,1,1,1,1
195.60301043083902,195.67267029478458,33,73,1,1,1,1,1,1
195.27793106575965,195.59140045351475,52,63,1,1,1,1,1,1,1,1,1,1,1,1,1,1,1,1,1,1,1,1,1,1,1,1,1,1,1
195.2314911564626,195.64945034013607,40,67,1,1,1,1,1,1,1,1,1,1,1,1,1,1,1,1,1,1,1,1,1,1,1,1,1,1,1,1,1,1,1,1,1,1,1,-1
194.04598956916098,195.28954104308391,33,80,1,1,1,1,1,1,1,1,1,1,1,1,1,1,1,1,1,1,1,1,1,1,1,1,1,1,1,1,1,1,1,1,1,1,1,1,1,1,1,1,1,1,1,1,1,1,1,1,1,1,1,1,1,1,1,1,1,1,1,1,1,1,1,1,1,1,1,1,1,1,0,0,0,1,1,1,1,1,1,1,1,1,1,1,1,1,1,1,1,1,1,1,1,1,1,1,1,1,1,1,1,2,2,1,1,1,1,1
193.97632970521542,194.04598956916098,33,67,0,2,2,2,2,1
193.65125034013604,193.8254,35,79,1,1,1,1,1,1,1,1,1,1,1,1,1,1,1
193.55837052154195,193.65125034013604,35,95,1,1,1,1,1,1,1,1
193.15202131519274,193.55837052154195,35,87,1,1,1,1,1,1,1,1,1,1,1,1,1,1,1,1,1,1,1,1,1,1,1,1,1,1,1,1,1,0,0,0,0,1,1
193.04753151927437,193.15202131519274,35,46,1,1,1,1,1,1,1,1,1
192.37286893424036,193.0127015873016,37,76,0,1,1,1,1,1,1,1,1,1,1,1,1,1,1,1,1,1,1,1,1,1,1,1,1,1,1,1,1,1,1,1,1,1,1,1,1,1,1,1,1,1,1,1,1,1,1,1,1,1,1,1,1,1,1,1
192.34964897959185,193.00109160997732,49,52,1,1,1,1,1,1,1,1,1,1,1,1,1,1,1,1,1,1,1,1,1,1,1,1,1,1,1,1,1,1,1,1,1,1,1,1,1,1,1,1,1,1,1,1,1,1,1,1,1,1,1,1,1,1,1,1,1
192.10583945578233,192.24515918367348,36,63,1,1,1,1,1,1,1,1,1,1,1,1
192.09422947845806,192.21032925170067,48,43,0,0,1,1,1,0,0,0,0,0
192.0129596371882,192.10583945578233,36,42,-2,-2,-2,-2,-2,-2,1,1
191.87363990929705,192.0129596371882,35,63,2,2,1,1,1,1,1,1,1,1,1,1
191.86202993197278,192.00134965986396,47,41,1,1,1,1,1,1,1,1,1,1,1,1
191.54856054421768,191.87363990929705,35,69,1,1,1,1,1,1,1,1,1,1,1,1,1,1,1,1,1,1,1,1,1,1,1,1,1,1,1,2
191.47890068027212,191.54856054421768,35,82,1,1,1,2,2,1
191.46729070294785,191.68788027210886,47,43,1,1,1,1,1,1,1,1,1,1,1,1,1,1,1,1,1,1,1
191.11899138321996,191.47890068027212,35,75,1,1,1,1,1,1,1,1,1,1,1,1,1,1,1,1,1,1,1,2,2,2,1,1,1,1,1,1,1,1,1
191.08416145124718,191.26992108843538,47,52,0,1,1,1,1,1,1,0,0,0,0,0,0,0,1,1
190.81713197278913,191.11899138321996,35,77,1,1,1,1,1,1,1,1,1,1,1,1,1,1,1,1,1,1,1,1,1,1,1,1,1,1
190.68813832199544,190.81713197278913,35,86,1,1,1,1,1,1,1,1,1,1,1,1
190.65330839002266,190.7939120181406,47,47,1,1,1,1,1,1,1,1,1,1,1,1,1
190.56042857142856,190.68813832199544,35,39,-4,2,2,2,2,2,2,2,2,2,1
190.4559387755102,190.5836485260771,33,65,1,1,1,1,1,1,1,1,2,2,2
190.30500907029477,190.4559387755102,33,80,1,1,1,1,1,1,1,1,1,1,1,1,1
190.25856916099772,190.5836485260771,45,47,1,1,1,1,1,0,0,0,0,0,1,1,1,1,1,1,1,0,0,0,0,1,1,1,1,1,1,2
189.87543990929703,190.30500907029477,33,64,2,1,1,1,1,1,1,1,1,1,1,1,1,1,1,1,1,1,1,1,1,1,1,0,0,0,0,0,0,0,0,0,0,1,1,1,1
189.80578004535147,189.96831972789116,45,50,2,2,2,2,2,2,1,1,1,1,1,1,1,1
189.75934013605442,189.87543990929703,33,50,1,1,1,1,2,2,2,2,2,2
189.42265079365077,189.75934013605442,33,77,0,1,1,1,1,1,1,1,1,1,1,1,1,1,1,1,1,1,1,1,1,1,1,1,1,1,1,1,1
189.39943083900226,189.67807029478456,45,44,1,1,1,1,1,1,1,1,1,1,1,1,1,1,1,1,1,1,1,1,1,1,1,1
188.93503174603174,189.42265079365077,33,85,1,1,1,1,1,1,1,1,1,1,1,1,1,1,1,1,1,1,1,1,1,1,1,1,1,1,1,1,1,1,1,1,1,1,1,1,1,0,0,0,0,0
188.77249206349205,188.93503174603174,34,48,1,1,1,1,1,1,1,1,1,1,1,1,-1,-1
188.71315827664398,188.77249206349205,34,42,4,1,1,1,1,1
188.15587936507936,188.71315827664398,35,75,1,1,1,1,1,1,1,1,1,1,1,1,1,1,1,1,1,1,1,1,1,1,1,1,1,1,1,1,1,1,1,1,1,1,1,1,1,1,1,1,1,1,1,1,1,1,1,1
188.12104943310658,188.66671836734693,47,54,-1,-1,0,1,1,1,1,1,1,1,1,1,1,1,1,1,1,1,1,1,1,1,1,1,1,1,1,1,1,1,1,1,1,1,1,1,1,1,1,1,1,1,1,1,1,1,1
188.06299954648526,188.15587936507936,35,53,1,1,1,1,1,1,1,1
187.94689977324262,188.09782947845804,37,63,1,1,1,1,1,1,1,1,1,1,1,1,1
187.8656299319728,187.94689977324262,37,47,1,1,1,1,1,1,1
187.6798702947846,187.91206984126984,35,59,1,1,1,1,1,1,1,1,1,1,1,1,1,1,1,1,1,1,1,1
187.56377052154195,187.6798702947846,35,45,1,1,1,1,1,1,1,1,1,1
187.30835102040817,187.74953015873015,52,80,1,1,1,1,1,1,1,1,1,1,1,1,1,1,1,1,1,1,1,1,1,1,1,1,1,1,1,1,1,1,1,1,1,0,0,0,0,0
187.2967410430839,187.7959700680272,40,69,1,1,1,1,1,1,1,1,1,1,1,1,1,1,1,1,1,1,1,1,1,1,1,1,1,1,1,1,1,1,1,1,1,1,1,1,0,0,1,1,1,1,1
187.25030113378685,187.31996099773244,37,53,1,1,1,1,1,1
187.1109814058957,187.25030113378685,37,89,1,1,1,1,1,1,1,1,1,1,1,1
186.87878185941042,187.19225124716553,42,83,2,2,0,0,0,1,1,1,1,1,1,1,1,1,1,1,1,1,1,1,1,1,1,1,1,1,1
186.86717188208615,187.08776145124716,54,67,0,1,1,1,1,1,1,1,1,1,1,1,1,1,1,1,1,1,1
186.86717188208615,187.1109814058957,37,66,1,1,1,1,1,1,1,1,1,1,1,1,1,1,1,1,1,1,1,1,1
186.72656825396825,186.86717188208615,37,84,1,1,0,0,0,0,1,1,1,1,1,1,1
186.48275873015874,186.61046848072564,35,47,1,1,1,1,1,1,1,0,0,0,0
186.47114875283447,186.6569083900227,47,53,0,0,0,0,0,0,0,0,0,0,0,0,0,0,0,1
186.4014888888889,186.48275873015874,35,31,1,1,1,1,2,2,1
186.273779138322,186.38987891156464,37,71,1,1,1,1,1,1,1,1,1,1
186.19250929705217,186.273779138322,37,73,1,1,0,0,0,0,1
186.05318956916102,186.19250929705217,37,72,1,1,0,0,0,1,1,1,1,1,1,1
186.04157959183675,186.22733922902495,49,55,1,1,1,1,1,1,1,1,1,1,1,1,1,1,1,1
185.6468403628118,185.85581995464852,49,57,1,1,1,1,1,1,1,1,1,1,1,1,1,1,1,1,1,1
185.6468403628118,186.05318956916102,37,72,0,0,0,0,1,1,1,1,1,1,1,1,1,1,1,1,1,1,1,1,1,1,1,1,1,1,1,1,1,1,1,1,1,1,1
185.56557052154196,185.6468403628118,37,39,-2,0,0,0,0,0,0
185.41464081632654,185.56557052154196,36,74,-1,-1,-1,-1,1,1,1,1,1,1,1,1,1
185.21727120181407,185.41464081632654,35,75,1,1,1,2,2,2,2,1,1,1,1,1,1,2,2,2,2
184.93863174603175,185.21727120181407,35,76,1,1,1,1,1,1,1,1,1,1,1,1,1,1,1,1,1,2,1,1,1,1,1,1
184.7993120181406,185.1360013605442,47,55,1,1,1,1,1,1,1,1,1,1,1,1,1,1,1,1,1,1,1,1,1,1,1,1,1,1,1,1,1
184.7993120181406,184.93863174603175,35,94,0,1,1,1,1,1,1,1,1,1,1,1
184.50777868480725,184.7993120181406,35,82,1,1,1,1,1,1,1,1,1,1,1,1,1,0,0,0,0,0,3,2,2,2,2,2,2,0
184.40328888888888,184.7993120181406,47,42,-2,1,1,1,1,1,1,1,1,1,1,1,1,1,1,1,1,1,1,1,1,1,1,1,1,1,1,1,1,1,1,1,1,1,1
184.3684589569161,184.50777868480725,35,87,1,1,1,1,1,1,1,1,1,1,1,1
184.12464943310655,184.3684589569161,35,69,1,1,1,1,1,1,1,1,1,1,1,1,1,1,1,1,1,-1,1,1,1
183.99693968253968,184.12464943310655,35,81,1,1,1,1,1,1,1,1,1,1,1
183.5557605442177,183.93888979591836,33,75,1,1,1,1,1,1,1,1,1,1,1,1,1,1,1,1,1,1,1,1,1,1,1,1,1,1,1,1,1,1,1,1,1
183.19585124716554,183.5557605442177,33,77,1,1,1,1,1,1,1,1,1,1,1,1,1,1,1,1,1,1,1,1,1,1,1,1,1,1,1,1,1,0,0
183.12619138321995,183.47449070294783,45,61,0,0,0,0,0,0,1,1,1,1,1,1,1,1,1,1,1,1,1,1,1,1,1,1,1,1,1,1,1,1
183.11458140589568,183.19585124716554,33,76,1,1,0,1,1,1,1
182.92882176870748,183.11458140589568,33,84,1,1,1,1,1,1,1,1,1,1,1,1,1,1,1,1
182.8243319727891,182.92882176870748,33,98,1,1,1,1,1,1,1,1,1
182.74177823129253,182.8243319727891,33,95,1,1,1,1,1,1,1,1
182.33542902494332,182.74177823129253,33,81,1,1,1,1,1,1,1,1,1,1,1,1,1,1,1,1,1,1,1,1,1,1,1,1,1,1,1,1,1,1,1,1,1,1,1
182.32381904761905,182.48635873015874,45,45,2,0,0,1,1,1,1,1,1,1,1,1,1,1
182.2425492063492,182.33542902494332,33,42,-1,-1,-1,2,2,2,2,2
181.4879006802721,181.99873968253968,47,64,0,0,1,1,1,1,1,1,1,1,1,0,0,0,0,0,0,0,1,1,1,1,1,1,1,0,0,0,1,1,1,1,1,1,1,1,1,1,1,1,1,1,1,1
181.4879006802721,181.92907981859412,35,68,1,1,1,1,1,1,1,1,1,1,1,1,1,1,1,1,1,1,1,1,1,1,1,1,1,1,1,1,1,1,1,1,1,1,1,1,1,2
181.31375102040818,181.44146077097506,37,65,1,1,1,1,1,1,1,1,1,1,1
181.0815514739229,181.29053106575964,35,61,1,1,1,1,1,1,1,1,1,1,1,1,1,1,1,1,1,2
181.06994149659863,181.27892108843537,47,51,0,0,1,1,1,1,1,1,1,1,0,1,1,1,1,1,1,1
180.66230839002267,181.04672154195012,37,86,0,1,1,1,1,1,1,1,1,1,1,1,1,1,1,1,1,1,1,1,1,1,1,1,1,1,1,1,1,1,1,1,1,1
180.2675691609977,180.66230839002267,37,95,1,1,1,1,1,1,1,1,1,1,1,1,1,1,1,1,1,1,1,1,1,1,1,1,1,1,1,1,1,1,1,1,1,0
180.19790929705215,180.2675691609977,37,77,1,1,1,1,1,1
179.97731972789114,180.19790929705215,37,78,1,1,1,1,1,1,1,1,1,1,1,1,1,1,1,1,1,1,1
179.84960997732426,179.97731972789114,37,94,1,1,1,1,1,0,0,0,0,0,1
179.60580045351472,179.84960997732426,37,82,1,1,1,1,1,1,1,1,1,1,1,1,1,1,1,1,1,1,1,1,1
179.4548707482993,179.60580045351472,37,89,1,1,1,1,1,1,1,1,1,1,1,1,1
179.38521088435374,179.4548707482993,37,68,1,1,1,1,1,1
178.99047165532878,179.38521088435374,37,75,0,0,0,0,0,0,0,1,1,1,1,1,1,1,1,1,1,1,1,1,1,1,1,1,1,1,1,1,1,0,0,0,0,0
178.90920181405895,178.99047165532878,37,44,0,0,0,0,0,0,0
178.58283854875282,178.85115192743763,35,84,1,1,1,1,1,1,1,1,1,1,1,1,1,1,1,1,1,1,2,2,2,2,3,3
178.28097913832198,178.58283854875282,35,77,1,1,1,1,1,1,1,1,1,1,1,1,1,1,1,1,1,1,1,1,1,1,1,1,1,1
178.1532693877551,178.28097913832198,35,84,1,1,1,1,1,1,1,1,1,1,1
177.80497006802722,178.1532693877551,35,85,1,1,1,1,1,1,1,1,1,1,1,1,1,1,1,1,1,1,1,1,1,1,1,1,1,1,1,1,1,1
177.72370022675736,177.80497006802722,35,77,0,0,0,0,1,1,1
177.50311065759638,177.72370022675736,35,78,1,1,1,1,1,1,1,1,1,1,1,1,1,1,1,0,0,0,0
177.398620861678,177.50311065759638,35,93,1,1,1,1,1,1,1,1,1
177.31735102040815,177.398620861678,35,75,1,1,1,1,1,1,1
177.23608117913832,177.31735102040815,35,40,-5,1,1,1,1,1,1
177.16642131519274,177.29413106575964,33,67,1,1,1,1,1,1,1,1,1,1,1
177.09676145124718,177.16642131519274,33,80,1,1,1,0,1,1
176.96905170068027,177.09676145124718,33,82,1,1,1,1,1,1,1,1,1,1,1
176.64268843537417,176.96905170068027,33,75,1,1,1,1,1,1,1,1,1,1,1,1,1,1,1,1,1,1,1,0,0,0,0,0,0,0,1,1,1
176.54980861678004,176.64268843537417,33,81,0,1,1,1,1,1,1,1
176.48014875283448,176.54980861678004,33,55,0,0,0,0,0,0
176.10862947845806,176.48014875283448,33,81,1,1,1,1,1,1,1,1,1,1,1,1,1,1,1,1,1,1,1,1,1,1,1,1,1,0,0,0,0,0,1,1
175.73711020408163,176.10862947845806,33,78,1,1,1,1,1,1,1,1,1,1,1,1,1,1,1,1,1,1,1,1,1,1,1,1,1,1,0,1,1,1,1,1
175.63262040816326,175.73711020408163,33,89,1,1,1,1,1,1,1,1,1
175.53974058956916,175.63262040816326,33,68,1,1,1,1,1,1,1,1
175.35398095238097,175.45847074829933,38,52,1,1,1,1,1,1,1,1,1
174.14525941043084,174.58643854875282,40,87,1,1,1,0,0,0,1,1,1,1,1,1,1,1,1,1,1,1,1,1,1,1,1,1,1,1,1,1,1,1,1,1,1,1,1,1,1,1
174.06398956916098,174.14525941043084,40,93,1,1,1,1,1,1,1
173.9594997732426,174.06398956916098,40,69,1,1,1,1,1,1,1,1,1
173.88983990929705,173.98271972789115,37,52,0,0,0,0,0,0,1,1
173.79696009070295,173.88983990929705,36,66,1,1,1,1,1,2,3,3
173.7156902494331,173.79696009070295,36,85,1,1,1,1,1,1,1
173.5531505668934,173.7156902494331,35,65,1,1,1,1,1,1,1,1,1,1,1,1,1,1
173.44866077097504,173.5531505668934,35,53,1,1,1,1,1,1,1,1,1
172.35603900226758,173.5299306122449,28,72,1,1,1,1,1,1,1,1,1,1,1,1,1,1,1,1,1,1,1,1,1,1,1,1,1,1,1,1,1,1,1,1,1,1,1,1,1,1,1,1,1,1,1,1,1,1,1,1,1,1,1,1,1,1,1,1,1,1,1,1,1,1,1,1,1,1,1,1,1,1,1,1,1,1,1,1,1,1,1,1,1,1,1,1,1,1,1,1,1,1,1,1,1,1,1,1,1,1,1,1,1,1
171.9148598639456,172.21671927437643,35,78,1,1,1,1,1,1,1,1,1,1,1,1,1,0,0,0,0,1,1,1,1,0,0,0,0,1
171.83359002267574,171.9148598639456,35,76,1,1,1,1,1,1,1
170.71774829931974,171.83359002267574,35,82,0,0,0,0,1,1,1,0,0,0,0,1,1,1,1,1,1,1,1,1,1,1,1,1,1,1,1,1,1,1,1,1,1,1,1,1,1,1,1,1,1,1,1,1,1,1,1,1,1,1,1,1,1,1,1,1,1,1,1,1,1,1,1,1,1,1,1,1,1,1,1,1,1,1,0,0,0,0,0,0,1,1,1,1,2,2,1,0,0,1,1,1,1,1,1,1,1
170.65969841269842,170.9047918367347,47,49,1,1,1,1,1,1,1,1,1,1,1,1,1,1,1,1,1,1,1,1,1,1
170.508768707483,170.62486848072564,34,53,0,0,0,1,1,1,1,1,1,1
170.27656916099775,170.508768707483,33,79,1,1,1,1,1,1,1,1,1,1,1,1,1,1,1,1,1,1,1,1
170.20690929705216,170.27656916099775,33,80,1,1,1,1,1,1
169.89343990929706,170.20690929705216,33,70,1,1,1,1,1,1,1,1,1,1,1,1,1,1,0,0,0,0,1,1,1,1,1,1,1,1,1
168.97625170068028,169.89343990929706,33,96,1,1,1,1,1,1,1,1,1,1,1,1,1,1,1,1,1,1,1,1,1,1,1,1,1,1,1,1,1,1,1,1,1,1,1,1,1,1,1,1,1,1,1,1,1,1,1,1,1,1,1,1,1,1,1,1,1,1,1,1,1,1,1,1,1,1,1,1,1,1,1,1,1,1,1,1,1,1,1
168.55700861678005,168.91820181405896,28,66,1,1,1,1,1,1,1,1,1,1,1,1,1,1,1,1,1,1,1,1,1,1,1,1,1,1,1,1,1,1,2,2
168.17387936507936,168.48734875283446,42,58,1,1,1,1,1,1,1,1,1,1,1,1,1,1,1,1,1,1,1,1,1,1,1,1,1,1,1
168.1622693877551,168.54539863945578,30,70,1,1,1,1,1,1,1,1,1,1,1,1,1,1,1,1,1,1,1,1,1,1,1,1,1,1,1,1,1,1,1,1,1
167.91845986394557,168.1274394557823,32,62,1,1,1,1,1,1,1,1,1,1,1,1,1,1,1,1,1,1
167.7210902494331,167.93006984126984,42,56,1,1,1,1,1,1,1,1,1,1,1,1,1,1,1,1,1,1
167.70948027210883,168.09260952380953,49,48,1,1,1,1,1,1,1,1,1,1,1,1,1,1,1,1,1,1,0,0,0,0,0,0,2,2,2,1,1,1,1,1,1
167.32635102040817,167.91845986394557,32,69,0,0,0,0,1,1,1,1,1,1,1,1,1,1,1,1,1,1,1,1,1,1,1,1,1,1,1,1,2,0,0,0,0,0,0,0,0,0,0,0,0,1,1,1,1,1,1,1,1,1,1
166.966441723356,167.32635102040817,32,72,1,1,1,1,1,1,1,1,1,1,1,1,1,1,1,1,1,1,1,1,1,1,1,1,1,2,2,2,2,2,0
166.87227800453516,166.966441723356,32,70,1,1,1,1,1,1,1,1,1
165.71128027210887,166.87227800453516,32,83,1,1,1,1,1,1,1,1,1,1,1,1,1,1,1,1,1,1,1,1,1,1,1,1,1,1,1,1,1,1,1,1,1,1,1,1,1,1,1,1,1,1,1,1,1,1,1,1,1,1,1,1,1,1,1,1,1,1,1,1,1,1,1,1,1,1,1,1,1,1,1,1,1,1,1,1,1,1,1,1,1,1,1,1,1,1,1,1,1,1,1,1,1,1,1,1,1,1,1,1
165.27010113378685,165.59518049886623,30,70,1,1,1,1,1,1,1,1,1,1,1,1,1,1,1,1,1,1,1,0,1,1,1,1,1,1,1,1
165.25849115646258,165.45586077097508,42,59,0,0,0,0,0,0,0,1,1,1,1,0,0,0,0,0,0
165.17722131519275,165.27010113378685,30,54,2,1,1,1,1,1,1,1
165.1540013605442,165.25849115646258,42,36,1,1,1,1,1,0,0,0,0
164.92180181405897,165.2004412698413,28,77,0,0,0,1,1,1,1,1,1,1,1,1,1,1,1,1,1,1,1,1,1,1,1,1
164.072989569161,164.92180181405897,28,79,1,1,1,1,1,1,1,1,1,1,1,1,1,1,1,1,1,1,1,1,1,1,1,1,1,1,1,1,1,1,1,1,1,1,1,1,1,1,1,1,1,1,1,1,1,1,1,1,1,1,1,1,1,1,1,1,1,1,1,1,1,1,1,1,1,1,1,1,1,1,0,0,0,0
163.95688979591836,164.072989569161,28,56,1,1,1,1,1,1,1,1,1,1
163.53893061224488,163.88722993197277,28,49,0,0,0,1,1,1,1,2,2,2,2,2,2,2,2,0,0,0,1,1,1,1,1,1,1,1,1,1,1,1
162.30698911564627,163.39961088435373,28,82,1,1,1,1,1,1,1,1,1,1,1,1,1,1,1,1,1,1,1,1,1,1,1,1,1,1,1,1,1,1,1,1,1,1,1,1,1,1,1,1,1,1,1,1,1,1,1,1,1,1,1,1,1,1,1,1,1,1,1,1,1,1,1,1,1,1,1,1,1,1,1,1,1,1,1,1,1,1,1,1,1,1,1,1,1,1,1,1,1,1,1,1,1,1,1
162.01673968253968,162.13283945578232,40,37,4,1,1,1,1,1,1,1,0,0
161.8890299319728,162.06317959183673,42,63,1,1,0,0,0,1,1,1,1,0,0,0,0,1,1
161.52912063492064,161.8890299319728,42,83,1,1,1,1,1,1,1,1,1,1,1,1,1,1,1,1,1,1,1,1,1,1,1,1,1,1,1,1,1,1,1
161.30853106575964,161.49429070294784,35,81,1,1,1,1,1,1,1,1,1,1,1,1,1,1,1,0
161.14599138321995,161.30853106575964,35,98,1,1,1,1,1,1,1,1,1,1,1,1,1,1
160.6803083900227,160.7731882086168,47,43,0,0,0,0,1,0,0,0
160.65708843537416,161.14599138321995,35,87,1,1,1,1,1,1,1,1,1,1,1,1,1,1,1,1,1,1,1,1,1,1,1,1,1,1,1,1,1,1,1,1,1,1,1,1,1,1,1,1,1,1,1
160.51776870748301,160.6106485260771,37,60,1,1,1,1,1,2,2,2
160.297179138322,160.4597188208617,35,74,1,1,1,1,1,1,1,1,1,1,1,1,1,1
160.21590929705218,160.30878911564628,47,49,1,1,1,1,1,1,1,1
160.19268934240364,160.297179138322,35,81,2,2,2,1,1,1,1,1,1
160.08819954648527,160.32039909297055,40,77,1,1,1,1,1,1,1,1,1,1,1,1,1,1,1,1,1,1,1,1
160.01853968253968,160.08819954648527,40,96,-1,1,1,1,1,1
159.02008163265307,160.01853968253968,40,92,1,1,1,1,1,1,1,1,1,1,1,1,1,1,1,1,1,1,1,1,1,1,1,1,1,1,1,1,1,1,1,1,1,1,1,1,1,1,1,1,1,1,1,1,1,1,1,1,1,1,1,1,1,1,1,1,1,1,1,1,1,1,1,1,1,1,1,1,1,1,1,1,1,1,1,1,1,1,1,1,1,1,1,1,-1,-1
158.92720181405898,159.02008163265307,40,75,1,1,1,1,1,1,1,1
158.8910879818594,159.05491156462585,36,54,-1,-1,-1,-1,-1,-1,-1,0,0,1,1,1,1,1,-1
158.80981814058956,158.8910879818594,35,84,2,1,1,1,1,1,1
158.5776185941043,158.80981814058956,35,89,0,0,0,1,1,1,1,1,1,1,1,1,1,1,1,1,1,1,1,1
158.50795873015872,158.5776185941043,35,48,1,1,1,1,1,0
157.416620861678,158.50795873015872,35,87,1,1,1,1,1,1,1,1,1,1,1,1,1,1,1,1,1,1,1,1,1,1,1,1,1,1,1,1,1,1,1,1,1,1,1,1,1,1,1,1,1,1,1,1,1,1,1,1,1,1,1,1,1,1,1,1,1,1,1,1,1,1,1,1,1,1,1,1,1,1,1,1,1,1,1,1,1,1,1,1,1,1,1,1,1,1,1,1,1,1,1,1,1,1
157.32374104308388,157.4514507936508,47,48,0,0,0,1,1,1,1,1,1,1,1
157.31213106575964,157.416620861678,35,72,1,1,1,0,1,1,1,1,1
157.1031514739229,157.2656911564626,33,80,1,1,1,1,1,1,1,1,1,1,1,1,1,1
156.93932789115647,157.1031514739229,33,96,1,1,1,1,1,1,1,1,1,1,1,0,0,0,1
156.8348380952381,156.93932789115647,33,84,1,1,1,1,1,1,1,1,1
155.62740045351475,156.8348380952381,33,88,1,1,1,1,1,1,1,1,1,1,1,1,1,1,1,1,1,1,1,1,1,1,1,1,1,1,1,1,1,1,1,1,1,1,1,1,1,1,1,1,1,1,1,1,1,1,1,1,1,1,1,1,1,1,1,1,1,1,1,1,1,1,1,1,1,1,1,1,1,1,1,1,1,1,1,1,1,1,1,1,1,1,1,1,1,1,1,1,1,1,1,1,1,1,1,1,0,0,0,0,0,0,0,1
155.5809605442177,156.16145941043084,45,49,2,2,2,2,2,2,0,0,1,1,1,1,1,1,1,1,1,1,1,1,1,1,1,1,1,1,1,1,1,1,1,1,1,1,1,1,1,1,1,1,1,1,1,1,1,1,1,1,1,1
155.2674911564626,155.6041804988662,32,72,1,1,1,1,1,1,1,1,1,1,1,1,1,1,1,1,1,1,1,1,1,1,1,1,1,1,1,1,0
154.87146802721088,155.2674911564626,32,75,1,1,1,1,1,1,1,1,1,1,1,1,1,1,1,1,1,1,1,1,1,1,1,1,1,1,1,1,1,1,1,1,1,1,1
154.40706893424036,154.87146802721088,32,77,1,1,1,1,1,1,1,1,1,1,1,1,1,1,1,1,1,1,1,1,1,1,1,1,1,1,1,1,1,0,0,0,0,0,0,0,1,2,2,2
154.02393968253966,154.40706893424036,32,88,1,1,1,1,1,1,1,1,1,1,1,1,1,1,1,1,1,1,1,1,1,1,1,1,1,1,1,1,1,1,1,1,1
153.5479306122449,154.02393968253966,32,73,1,1,1,1,1,1,1,1,1,1,1,1,1,1,1,1,1,1,1,1,1,1,1,1,1,1,1,1,1,1,1,1,1,1,1,1,1,1,1,1,1
152.3392090702948,153.5479306122449,32,87,1,1,1,1,1,1,1,1,1,1,1,1,1,1,1,1,1,1,1,1,1,1,1,1,1,1,1,1,1,1,1,1,1,1,1,1,1,1,1,1,1,1,1,1,1,1,1,1,1,1,1,1,1,1,1,1,1,1,1,1,1,1,1,1,1,1,1,1,1,1,1,1,1,1,1,1,1,1,1,1,1,1,1,1,1,1,1,1,1,1,1,1,1,1,1,1,1,1,-1,-1,-1,0,0,1,1
152.25793922902494,152.3392090702948,32,59,0,0,0,0,1,1,1
151.90963990929706,152.25793922902494,42,67,0,1,1,1,1,1,1,1,1,1,1,1,1,1,1,1,1,0,0,1,1,1,1,1,1,1,1,1,0,0
151.8980299319728,152.2695492063492,30,65,1,1,1,1,1,1,1,1,1,1,1,1,1,1,1,1,1,1,1,1,1,1,1,1,1,1,1,1,1,1,1,1
151.50329070294785,151.85159002267574,28,73,1,1,1,1,1,1,1,1,1,1,1,1,1,1,1,1,1,1,1,1,1,1,1,1,1,1,1,1,1,0
151.08533151927438,151.50329070294785,28,76,1,1,1,1,1,1,1,1,1,1,1,1,1,1,1,1,1,1,1,1,1,1,1,1,1,1,1,1,1,1,1,1,1,1,1,1
150.75896825396828,151.08533151927438,28,79,1,1,1,1,1,1,1,1,1,1,1,1,1,1,1,1,1,1,1,1,1,1,1,2,2,2,2,1,1
150.64286848072564,150.75896825396828,28,74,1,1,1,1,1,1,1,1,1,1
148.6214485260771,148.70271836734693,47,36,1,1,1,1,1,1,1
148.45890884353742,148.59822857142856,43,66,1,1,1,1,1,1,1,1,0,-1,-1,-1
148.38924897959183,148.45890884353742,43,84,1,1,1,1,1,1
148.22670929705214,148.38924897959183,44,72,1,1,1,1,1,1,-1,-1,-1,-1,-1,-1,-1,-1
148.15704943310658,148.22670929705214,44,80,-1,-1,1,1,1,1
147.9016299319728,148.2383192743764,37,56,1,1,1,0,0,0,0,0,0,0,0,0,0,0,0,0,0,0,0,0,0,0,0,0,0,0,0,0,0
145.6828403628118,147.9016299319728,37,106,1,1,1,1,1,1,1,1,1,1,1,0,0,0,0,1,1,1,1,1,1,1,1,1,1,1,1,1,1,1,1,1,1,1,1,1,1,1,1,1,1,1,1,1,1,1,1,1,1,1,1,1,1,1,1,1,1,1,1,1,1,1,1,1,1,1,1,1,1,1,1,1,1,1,1,1,1,1,1,1,1,1,1,1,1,1,1,1,1,1,1,1,1,1,1,1,1,1,1,1,1,1,1,1,1,1,1,1,1,1,1,1,1,1,1,1,1,1,1,1,1,1,1,1,1,1,1,1,1,1,1,1,1,1,1,1,1,1,1,1,1,1,1,1,1,1,1,1,1,1,1,1,1,1,1,1,1,1,1,1,1,1,1,1,1,1,1,1,1,1,1,1,1,1,1,1,1,1,1,1,1,1,1,1,1,1,1,1,1,1,1,1
145.52030068027213,145.6828403628118,37,58,-2,-2,-2,-2,-2,-2,-2,1,1,1,1,1,1,1
145.39259092970522,145.52030068027213,36,65,-2,-2,-2,1,1,1,1,1,1,1,1
144.00971972789114,144.13742947845805,47,36,0,0,0,0,0,1,1,1,1,1,1
144.00971972789114,145.39259092970522,35,89,1,1,1,1,1,1,1,1,1,1,1,1,1,1,1,1,1,1,1,1,1,1,1,1,1,1,1,1,1,1,1,1,1,1,1,1,1,1,1,1,1,1,1,1,1,1,1,1,1,1,1,1,1,1,1,1,1,1,1,1,1,1,1,1,1,1,1,1,1,1,1,1,1,1,1,1,1,1,1,1,1,1,1,1,1,1,1,1,1,1,1,1,1,1,1,1,1,1,1,1,1,1,1,1,1,1,1,1,1,1,1,1,1,1,1,1,1,1,1,1
142.74294829931972,143.84718004535145,33,96,1,1,1,1,1,1,1,1,1,1,1,1,1,1,1,1,1,1,1,1,1,1,1,1,1,1,1,1,1,1,1,1,1,1,1,1,1,1,1,1,1,1,1,1,1,1,1,1,1,1,1,1,1,1,1,1,1,1,1,1,1,1,1,1,1,1,1,1,1,1,1,1,1,1,1,1,1,1,1,1,1,1,1,1,1,1,1,1,1,1,1,1,1,1,2,2
142.48752879818593,142.74294829931972,33,92,1,1,1,1,1,1,1,1,1,1,1,1,1,1,1,1,1,1,1,1,1,1
142.38303900226757,142.48752879818593,33,92,1,1,1,1,1,1,1,1,1
142.313379138322,142.53396870748298,45,54,1,1,1,0,0,0,0,0,1,1,1,1,1,1,1,1,1,1,1
142.313379138322,142.38303900226757,33,80,1,1,1,1,1,1
141.9302498866213,142.4062589569161,40,86,1,1,1,1,1,1,1,1,1,1,1,1,1,1,1,1,1,1,1,1,1,1,1,1,1,1,1,1,1,1,1,1,1,1,1,1,1,1,1,1,1
140.69830839002267,142.01151972789117,33,90,1,1,1,1,1,1,1,1,1,1,1,1,1,1,1,1,1,1,1,1,1,1,1,1,1,1,1,1,1,1,1,1,1,1,1,1,1,1,1,1,1,1,1,1,1,1,1,1,1,1,1,1,1,1,1,1,1,1,1,1,1,1,1,1,1,1,1,1,1,1,1,1,1,1,1,1,1,1,1,1,1,1,1,1,1,1,1,1,1,1,1,1,1,1,1,1,1,1,1,1,1,1,1,0,0,0,0,0,1,1,1,1,1,1
140.60542857142858,140.69830839002267,33,51,0,0,0,0,0,1,1,1
139.89721995464853,140.51254875283448,35,86,1,1,1,1,1,1,1,1,1,1,1,1,1,1,1,1,1,1,1,1,1,1,1,1,1,1,1,1,1,1,1,1,1,1,1,1,1,1,1,1,1,1,1,1,1,1,1,1,1,1,1,1,-1
138.97874784580497,139.2470612244898,49,38,0,0,0,0,0,0,0,0,0,0,1,1,1,1,1,1,1,1,1,1,1,1,1,1
138.97874784580497,139.6882403628118,37,79,1,1,1,1,1,1,0,0,0,0,1,1,1,1,1,1,1,1,1,1,1,1,1,1,1,1,1,1,1,1,1,1,1,1,1,1,1,1,1,1,1,1,1,1,1,1,1,1,1,1,1,1,1,1,1,1,1,1,1,1,1,1
137.28369115646257,138.86264807256237,35,86,1,1,1,1,1,1,1,1,1,1,0,0,0,0,0,1,1,1,1,1,1,1,1,1,1,1,1,1,1,1,1,1,1,1,1,1,1,1,1,1,1,1,1,1,1,1,1,1,1,1,1,1,1,1,1,1,1,1,1,1,1,1,1,1,1,1,1,1,1,1,1,1,1,1,1,1,1,1,1,1,1,1,1,1,1,1,1,1,1,1,1,1,1,1,1,1,1,1,1,1,1,1,1,1,1,1,1,1,1,1,1,1,1,1,1,1,1,1,1,1,1,1,1,1,1,1,1,1,1,1,1,1,1,1,1,1
135.73828027210885,137.1792013605442,33,96,1,1,1,1,1,1,1,1,1,1,1,1,1,1,1,1,1,1,1,1,1,1,1,1,1,1,1,1,1,1,1,1,1,1,1,1,1,1,1,1,1,1,1,1,1,1,1,1,1,1,1,1,1,1,1,1,1,1,1,1,1,1,1,1,1,1,1,1,1,1,1,1,1,1,1,1,1,1,1,1,1,1,1,1,1,1,1,1,1,1,1,1,1,1,1,1,1,1,1,1,1,1,1,1,1,1,1,1,1,1,1,1,1,1,1,1,1,1,1,1,1,1,1,1,1
135.63379047619048,135.7847201814059,45,44,1,1,1,1,1,1,1,1,1,1,1,1,1
135.63379047619048,135.73828027210885,33,84,1,1,1,1,1,1,1,1,1
135.54091065759638,135.63379047619048,33,41,0,1,1,1,1,1,1,1
135.48286077097507,135.63379047619048,45,70,2,1,1,1,1,1,1,1,1,1,1,1,1
135.3087111111111,135.48286077097507,46,82,2,1,1,1,1,1,1,1,1,1,1,1,1,1,1
134.83141814058956,135.3087111111111,47,91,1,1,1,1,1,1,1,1,1,1,1,1,1,1,1,1,1,1,1,1,1,1,1,1,1,1,1,1,1,1,1,1,1,1,1,1,1,1,1,1,1,1
134.58760861678005,134.79658820861678,57,59,1,1,1,1,1,1,1,1,1,1,1,1,1,1,1,1,1,1
134.58760861678005,134.86624807256234,45,84,1,1,1,1,1,1,1,1,1,1,1,1,1,1,1,1,1,1,1,1,1,1,1,1
134.0303297052154,134.58760861678005,52,78,1,1,1,1,1,1,1,1,1,1,1,1,0,1,1,1,1,1,1,1,1,1,1,1,1,1,1,1,1,1,1,1,1,1,1,1,1,1,1,1,1,1,1,1,1,1,1,1
133.96066984126983,134.0303297052154,52,41,1,1,1,1,1,1
133.76330022675737,134.12320952380952,47,73,1,1,1,1,1,1,1,1,1,1,1,1,1,1,1,1,1,1,1,1,1,1,1,1,1,1,1,1,1,1,1
133.60076054421768,133.7749102040816,45,86,1,1,1,1,1,1,1,1,1,1,1,1,1,1,1
133.5891505668934,133.74008027210883,57,64,0,0,0,1,1,1,1,1,1,1,1,1,1
133.5311006802721,133.60076054421768,45,80,1,1,1,1,1,1
133.46144081632653,133.5311006802721,45,43,1,1,1,1,1,1
132.29915918367348,133.5659306122449,40,94,1,0,0,0,0,0,1,1,1,1,1,1,1,1,1,1,1,1,1,1,1,1,1,1,1,1,1,1,1,1,1,1,1,1,1,1,1,1,1,1,1,1,1,1,1,1,1,1,1,1,1,1,1,1,1,1,1,1,1,1,1,1,1,1,1,1,1,1,1,1,1,1,1,1,1,1,1,1,1,1,1,1,1,1,1,1,1,1,1,1,1,1,1,1,1,1,1,1,1,1,1,1,1,1,1,1,1,1,1,1
130.77696825396828,132.21788934240362,35,93,1,1,1,1,1,1,1,1,1,1,1,1,1,1,1,1,1,1,1,1,1,1,1,1,1,1,1,1,1,1,1,1,1,1,1,1,1,1,1,1,1,1,1,1,1,1,1,1,1,1,1,1,1,1,1,1,1,1,1,1,1,1,1,1,1,1,1,1,1,1,1,1,1,1,1,1,1,1,1,1,1,1,1,1,1,1,1,1,1,1,1,1,1,1,1,1,1,1,1,1,1,1,1,1,1,1,1,1,1,1,1,1,1,1,1,1,1,1,1,1,1,1,2,1,1
130.7073083900227,130.77696825396828,35,86,1,1,1,1,1,1
130.31256916099775,130.544768707483,33,82,1,1,1,1,1,1,1,1,1,1,1,1,1,1,1,1,1,1,0,0
129.11545759637187,130.31256916099775,33,104,1,1,1,1,1,1,1,1,1,1,1,1,1,1,1,1,1,1,1,1,1,1,1,1,1,1,1,1,1,1,1,1,1,1,1,1,1,1,1,1,1,1,1,1,1,1,1,1,1,1,1,1,1,1,1,1,1,1,1,1,1,1,1,1,1,1,1,1,1,1,1,1,1,1,1,1,1,1,1,1,1,1,1,1,1,1,1,1,1,1,1,1,1,1,1,1,1,1,1,1,1,1,1,1
128.97613786848072,129.11545759637187,33,87,1,1,1,1,1,1,1,1,1,1,1,1
128.6046185941043,128.94130793650794,32,81,1,1,1,1,1,1,1,1,1,1,1,1,1,1,1,1,1,1,1,1,1,1,1,1,1,1,1,1,1
128.53495873015873,128.6046185941043,32,75,0,0,0,0,1,1
127.39718095238095,128.59300861678003,37,91,1,1,1,1,1,1,1,1,1,1,1,1,1,1,1,1,1,1,1,1,1,1,1,1,1,1,1,1,1,1,1,1,1,1,1,1,1,1,1,1,1,1,1,1,1,1,1,1,1,1,1,1,1,1,1,1,1,1,1,1,1,1,1,1,1,1,1,1,1,1,1,1,1,1,1,1,1,1,1,1,1,1,1,1,1,1,1,1,1,1,1,1,1,1,1,1,1,1,1,1,0,0,0
127.3159111111111,127.39718095238095,37,78,1,1,1,1,1,1,1
127.24625124716553,127.3159111111111,37,41,1,1,1,1,1,1
126.50192879818594,127.223031292517,39,94,1,1,1,1,1,1,1,1,1,1,1,1,1,1,1,1,1,1,1,1,1,1,1,1,1,1,1,1,1,1,1,1,1,1,1,1,1,1,1,1,1,1,1,1,1,1,1,1,1,1,1,1,1,1,1,1,2,2,2,2,2,2,2
126.49031882086169,127.09403764172336,51,50,0,0,0,0,1,1,1,1,1,1,1,1,1,1,1,1,1,1,1,1,1,1,1,1,1,1,1,1,1,1,1,1,1,1,1,1,1,1,1,1,1,1,1,1,1,1,1,1,1,1,1,1
125.65440045351474,126.40904897959184,40,91,1,1,1,1,1,1,1,1,1,1,1,1,1,1,1,1,1,1,1,1,1,1,1,1,1,1,1,1,1,1,1,1,1,1,1,1,1,1,1,1,1,1,1,1,1,1,1,1,1,1,1,1,1,1,1,1,1,1,1,1,1,1,1,1,1
125.5731306122449,125.65440045351474,40,50,0,0,0,0,1,1,1
124.03932970521542,125.68923038548753,35,90,1,1,1,1,1,1,1,1,1,1,1,1,1,1,1,1,1,1,1,1,1,1,1,1,1,1,1,1,1,1,1,1,1,1,1,1,1,1,1,1,1,1,1,1,1,1,1,1,1,1,1,1,1,1,1,1,1,1,1,1,1,1,1,1,1,1,1,1,1,1,1,1,1,1,1,1,1,1,1,1,1,1,1,1,1,1,1,1,1,1,1,1,1,1,1,1,1,1,1,1,1,1,1,1,1,1,1,1,1,1,1,1,1,1,1,1,1,1,1,1,1,1,1,1,1,1,1,1,1,1,1,1,1,1,1,1,1,1,1,1,1,1,1
122.33137913832199,123.87679002267573,33,98,1,1,1,1,1,1,1,1,1,1,1,1,1,1,1,1,1,1,1,1,1,1,1,1,1,1,1,1,1,1,1,1,1,1,1,1,1,1,1,1,1,1,1,1,1,1,1,1,1,1,1,1,1,1,1,1,1,1,1,1,1,1,1,1,1,1,1,1,1,1,1,1,1,1,1,1,1,1,1,1,1,1,1,1,1,1,1,1,1,1,1,1,1,1,1,1,1,1,1,1,1,1,1,1,1,1,1,1,1,1,1,1,1,1,1,1,1,1,1,1,1,1,1,1,1,1,1,1,1,1,1,1,1,1
122.00629977324263,122.33137913832199,33,82,2,2,2,1,1,1,1,1,1,1,1,1,1,2,2,0,0,0,0,0,1,1,1,1,1,1,1,1
121.85537006802721,122.00629977324263,34,59,2,2,2,1,1,1,1,1,1,1,-1,-1,-1
121.53029070294784,121.85537006802721,35,80,0,1,1,1,1,1,1,1,1,1,1,1,1,1,1,1,1,1,1,1,1,1,1,1,1,1,1,1
121.51868072562358,121.83215011337869,47,64,0,1,1,1,1,1,1,1,1,1,1,1,1,1,1,1,1,1,1,1,1,1,1,1,1,1,1
121.46063083900226,121.53029070294784,35,49,0,0,0,0,0,0
121.37936099773242,121.46063083900226,35,32,0,0,0,0,0,0,0
120.71630839002268,121.55351065759638,40,95,1,1,1,1,1,1,1,1,1,1,1,1,1,1,1,1,1,1,1,1,1,1,1,1,1,1,1,1,1,1,1,1,1,1,1,1,1,1,1,1,1,1,1,1,1,1,1,1,1,1,1,1,1,1,1,1,1,1,1,1,0,0,0,0,0,0,0,0,1,1,1,0,0
120.2983492063492,120.71630839002268,28,72,1,1,1,1,1,1,1,1,1,1,1,1,1,1,1,1,1,1,1,1,1,1,1,1,1,1,1,1,1,1,1,1,1,1,0,0
120.22868934240363,120.2983492063492,28,79,1,1,1,1,1,1
119.01996780045353,120.22868934240363,28,77,1,1,1,1,1,1,1,1,1,1,1,1,1,1,1,1,1,1,1,1,1,1,1,1,1,1,1,1,1,1,1,1,1,1,1,1,1,1,1,1,1,1,1,1,1,1,1,1,1,1,1,1,1,1,1,1,1,1,1,1,1,1,1,1,1,1,1,1,1,1,1,1,1,1,1,1,1,1,1,1,1,1,1,1,1,1,1,1,1,1,1,1,1,1,1,1,1,1,1,1,1,1,1,1,1
118.56717868480726,118.79937823129252,35,75,0,0,1,1,1,1,1,1,1,1,1,1,1,1,1,1,1,1,0,0
118.18404943310658,118.56717868480726,35,74,0,1,1,1,1,1,1,1,1,1,1,1,1,1,1,1,1,1,1,0,0,2,2,2,2,2,2,2,2,0,2,0,0
118.114389569161,118.18404943310658,35,57,0,0,2,2,2,2
117.97506984126984,118.114389569161,35,61,1,1,2,2,2,2,2,2,2,2,0,0
117.75448027210885,117.97506984126984,35,89,1,1,1,1,1,1,1,1,1,1,1,1,1,1,1,1,1,1,1
117.32491111111112,117.75448027210885,35,76,1,1,1,1,1,1,1,1,1,1,1,1,1,1,1,1,1,1,1,1,1,1,1,1,1,1,1,1,1,1,1,0,0,0,0,0,0
117.31330113378685,117.47584081632654,47,49,1,1,0,0,0,0,1,1,1,1,1,1,1,1
116.94049795918367,117.49906077097506,30,76,1,1,1,1,1,1,1,1,1,1,1,1,1,1,1,1,1,1,1,1,1,1,1,1,1,1,1,1,1,1,1,1,1,2,2,1,1,1,1,1,1,1,1,1,1,1,1,1,1
116.557368707483,116.94049795918367,30,78,1,1,1,1,1,1,1,1,1,1,1,1,1,1,1,1,1,1,1,1,1,1,1,1,1,1,1,1,1,1,1,1,1
116.53414875283447,116.7431283446712,42,42,1,1,1,1,1,1,1,1,1,1,1,1,1,1,1,1,1,1
116.4644888888889,116.557368707483,30,62,1,1,1,1,1,1,1,1
116.09296961451247,116.4644888888889,30,84,1,1,1,1,1,1,1,1,1,1,1,1,1,1,1,1,1,1,1,1,1,1,1,1,1,1,1,1,1,1,1,1
115.62857052154196,115.72145034013606,42,36,0,0,0,0,1,1,1,1
115.62857052154196,116.09296961451247,30,72,0,0,0,0,0,0,0,1,1,1,1,1,1,1,1,1,1,1,1,1,1,1,1,1,1,1,1,1,1,1,1,1,1,1,1,1,1,1,1,1
115.22093741496599,115.44281088435375,32,70,1,1,1,1,1,1,1,1,1,1,1,1,1,1,1,1,1,1,0,0
115.15127755102041,115.22093741496599,32,72,0,1,1,1,1,1
114.82619818594104,115.17449750566894,49,40,0,0,1,1,1,1,1,1,1,1,1,1,1,1,1,1,1,1,1,1,1,1,1,1,1,1,1,1,1,1
114.82619818594104,115.31510113378685,37,86,1,1,1,1,1,1,1,1,1,1,1,1,1,1,1,1,1,1,1,1,1,1,1,1,1,1,1,1,1,1,1,1,1,1,1,1,1,1,1,1,1,1,1
114.44306893424036,114.82619818594104,37,85,1,1,1,1,1,1,1,1,1,1,1,1,1,1,1,1,1,1,1,1,1,1,1,1,1,1,1,1,1,1,1,1,1
113.6187605442177,114.44306893424036,37,92,1,1,1,1,1,1,1,1,1,1,1,1,1,1,1,1,1,1,1,1,1,1,1,1,1,1,1,1,1,1,1,1,1,1,1,1,1,1,1,1,1,1,1,1,1,1,1,1,1,1,1,1,1,1,1,1,1,1,1,1,1,1,1,1,1,1,1,1,1,1,1
113.53749070294785,113.6187605442177,37,76,1,1,1,1,1,1,1
113.37495102040816,113.53749070294785,36,76,0,1,1,1,1,1,1,1,1,1,1,1,1,1
113.19951746031745,113.25885124716554,35,39,0,0,1,1,1,1
113.1879074829932,113.29368117913832,47,61,0,0,1,1,1,1,1,1,1,1
113.11824761904762,113.1879074829932,47,43,1,0,0,0,0,0
112.99053786848073,113.17629750566893,32,77,1,1,1,1,1,1,1,1,1,1,1,1,1,1,1,1
112.86282811791384,112.99053786848073,32,95,1,1,1,1,1,1,1,1,1,1,1
112.75833832199547,112.86282811791384,32,88,1,1,1,1,1,1,1,1,1
112.72350839002267,112.87443809523809,44,45,1,1,1,1,1,1,1,1,1,1,1,1,1
112.36359909297052,112.75833832199547,32,71,0,0,0,0,1,1,1,1,1,1,1,1,1,1,1,1,1,2,2,2,2,2,2,2,2,2,2,2,2,2,2,2,2,1
112.25910929705215,112.36359909297052,32,75,0,0,0,0,0,0,0,0,0
112.16622947845805,112.25910929705215,32,67,1,1,1,1,1,1,0,0
112.00368979591836,112.16622947845805,33,90,1,1,1,1,1,1,1,1,1,1,1,1,1,1
111.85276009070294,112.00368979591836,33,92,1,1,1,1,1,1,1,1,1,1,1,1,1
111.65539047619048,111.85276009070294,33,79,1,1,1,1,1,1,1,1,1,1,1,1,1,1,1,1,1
111.5857306122449,111.65539047619048,33,94,1,1,1,1,1,1
111.48124081632653,111.5857306122449,33,92,1,1,1,1,1,1,1,1,1
111.24904126984127,111.48124081632653,33,65,1,1,1,1,1,1,1,1,1,1,1,1,1,1,1,1,1,1,2,2
111.10843764172336,111.24904126984127,33,92,1,1,1,1,1,1,1,1,1,1,1,1,1
111.03877777777777,111.10843764172336,33,81,1,1,1,1,1,1
110.65564852607709,111.03877777777777,33,85,0,0,0,0,0,0,1,1,1,1,1,1,1,1,1,1,1,1,1,1,1,1,1,1,1,1,1,1,1,1,1,1,1
110.26090929705215,110.65564852607709,33,76,1,1,1,1,1,1,1,1,1,1,1,1,1,1,1,1,1,1,1,1,1,1,1,1,1,1,1,1,1,1,1,0,0,0
109.88939002267573,110.26090929705215,33,75,1,1,1,1,1,1,1,1,1,1,1,1,1,1,1,1,1,1,1,1,1,1,1,1,1,1,1,0,0,0,0,0
109.81973015873015,109.88939002267573,33,85,1,1,1,1,1,1
109.59914058956916,109.81973015873015,33,82,1,1,1,1,1,1,1,1,1,1,1,1,1,1,2,2,2,1,1
109.41338095238095,109.59914058956916,33,97,1,1,1,1,1,1,1,1,1,1,1,1,1,1,1,1
109.0986276643991,109.41338095238095,33,85,1,1,1,1,1,1,1,1,1,1,1,1,1,1,1,1,1,1,1,0,0,0,0,0,0,0,0,1
109.00574784580499,109.0986276643991,33,95,1,1,1,1,1,1,1,1
108.93608798185942,109.00574784580499,33,59,-1,-1,-1,-1,1,1
108.564568707483,108.91286802721089,28,63,1,1,1,1,1,1,1,1,1,1,1,1,1,1,1,1,1,1,1,1,1,1,1,1,1,1,1,1,1,0
108.39041904761905,108.49490884353742,38,42,3,1,1,1,1,1,1,1,1
108.28592925170068,108.43685895691611,40,67,1,1,1,1,1,1,1,0,0,1,1,1,1
108.18143945578232,108.28592925170068,40,90,0,0,1,1,1,1,1,1,1
107.91440997732427,108.10016961451248,42,67,1,1,1,1,1,1,1,1,1,1,1,1,1,1,1,1
107.85636009070295,108.07694965986396,54,68,1,1,1,1,1,1,1,1,1,1,1,1,1,1,1,1,1,1,1
107.72865034013606,107.9028,40,73,1,1,1,1,1,1,1,1,1,1,1,1,1,1,1
107.29908117913833,107.72865034013606,40,84,1,1,1,1,1,1,1,1,1,1,1,1,1,1,1,1,1,0,1,1,1,1,1,1,1,1,1,1,1,1,1,1,1,1,1,1,1
107.2758612244898,107.8099201814059,52,62,1,1,1,1,1,1,1,1,1,1,1,1,1,1,1,1,1,1,1,1,1,1,1,1,1,1,1,1,1,1,1,1,1,1,1,1,1,1,1,1,1,1,1,1,1,1
107.21652743764173,107.29908117913833,40,42,1,1,1,1,1,1,1,1
107.07720770975057,107.22813741496599,54,44,1,1,1,1,1,1,1,1,1,1,1,1,1
107.07720770975057,107.26296734693878,35,48,1,1,1,1,1,1,1,1,1,1,1,1,1,3,3,1
106.46187891156463,106.86822811791383,28,74,1,1,1,1,1,1,1,1,1,1,1,1,1,1,1,1,1,1,1,1,1,1,1,1,1,1,1,1,1,1,1,1,1,1,1
106.06713968253969,106.39221904761905,40,79,1,1,1,1,1,1,1,1,1,1,1,1,1,1,1,1,1,1,1,1,1,1,1,1,1,1,1,1
106.0323097505669,106.46187891156463,28,55,1,1,1,1,1,1,1,1,1,1,1,1,1,1,1,1,1,1,1,1,1,1,1,1,1,1,1,1,1,1,1,1,1,1,1,1,1
105.82333015873016,106.07874965986394,49,86,0,1,1,1,1,1,1,1,1,1,1,1,1,1,1,1,1,1,1,1,0,0
105.24154739229024,105.34732108843538,47,43,0,0,0,1,1,1,1,1,1,1
105.22993741496599,105.42859092970522,35,68,1,1,1,1,1,1,1,1,1,1,1,1,1,1,2,2,2,2
104.85841814058956,105.22993741496599,35,80,1,1,1,1,1,1,1,1,1,1,1,1,1,1,1,1,1,1,1,1,1,1,1,2,2,1,1,1,1,1,1,1
104.80036825396826,104.90485804988663,47,32,0,0,0,0,0,0,1,1,1
104.78875827664399,104.85841814058956,35,80,1,1,1,1,1,1
104.40562902494331,104.78875827664399,35,75,2,1,1,1,1,1,1,1,1,1,1,1,1,1,1,1,1,1,1,1,1,1,1,1,0,1,1,1,1,1,1,1,1
104.18503945578232,104.40562902494331,35,60,1,1,1,1,1,1,1,1,1,1,0,0,0,0,0,0,2,2,2
104.08054965986395,104.18503945578232,35,87,1,1,1,1,1,1,1,1,1
103.97605986394558,104.10376961451247,47,48,1,1,1,1,1,1,1,1,1,1,1
103.95283990929705,104.08054965986395,35,85,1,1,1,1,1,1,1,1,1,1,1
103.54649070294785,104.10376961451247,30,69,0,1,1,1,1,1,1,1,1,1,1,1,1,1,1,1,1,1,1,1,1,1,1,1,1,1,1,1,1,1,1,1,1,1,1,1,1,1,1,2,2,2,0,0,0,1,1,1
103.12724761904762,103.54649070294785,30,67,1,1,1,1,1,1,1,1,1,1,1,1,1,1,1,1,1,1,1,1,1,1,1,1,1,1,1,1,1,1,1,0,0,0,0,0,0
102.70928843537415,103.12724761904762,30,80,1,1,1,1,1,1,1,1,1,1,1,1,1,1,1,1,1,1,1,1,1,1,1,1,1,1,1,1,1,1,1,1,1,1,1,1
102.33776916099772,102.70928843537415,30,72,2,2,2,1,1,1,1,1,1,1,1,1,1,1,1,1,1,1,1,1,1,1,1,1,1,1,1,1,1,-1,1,1
101.93141995464852,102.01268979591836,40,47,0,1,1,1,1,1,0
101.85015011337869,101.93141995464852,40,30,-2,0,0,0,0,0,0
101.47863083900226,101.57151065759636,44,40,1,1,1,1,1,1,1,1
101.43219092970521,101.79210022675737,32,62,0,0,0,0,0,0,0,0,0,1,1,1,1,1,1,1,1,1,0,1,1,1,1,1,1,1,1,1,1,1,1
101.03616780045351,101.43219092970521,32,77,1,1,1,1,1,1,1,1,1,1,1,1,1,1,1,1,1,1,1,1,1,1,1,1,1,1,1,1,1,1,1,1,1,1,1
100.60659863945578,101.03616780045351,32,74,0,0,0,0,0,0,0,1,1,1,1,1,1,1,1,1,1,1,1,1,1,1,1,1,1,1,1,1,1,1,1,0,0,0,0,0,0
100.2234693877551,100.60659863945578,32,73,0,0,0,1,1,1,1,1,1,1,1,1,1,1,1,1,1,1,1,1,1,1,1,1,1,1,1,1,1,0,0,0,0
99.79390022675736,99.89839002267573,44,38,1,1,1,1,1,1,1,1,1
99.79390022675736,100.2234693877551,32,60,1,1,1,1,1,1,1,1,1,1,1,1,1,1,1,1,1,0,0,0,0,0,0,0,0,0,0,0,0,0,0,0,0,0,0,0,0
99.36433106575963,99.79390022675736,32,75,1,1,1,1,1,1,1,1,1,1,1,1,1,1,1,1,1,1,1,1,1,1,1,1,1,1,1,1,1,1,1,1,1,1,1,1,1
99.00313786848074,99.36433106575963,32,79,0,1,1,1,1,1,1,1,1,1,1,1,1,1,1,1,1,1,1,1,1,1,1,1,1,1,1,1,1,1,1,1
98.91025804988662,99.00313786848074,32,58,0,0,0,0,0,0,0,0
98.53873877551021,98.794158276644,45,46,1,1,1,1,1,1,1,1,1,1,1,1,1,1,1,1,1,1,1,1,1,1
98.52712879818594,98.91025804988662,33,85,1,1,1,1,1,1,1,1,1,1,1,1,1,1,1,1,1,1,1,1,1,1,1,1,1,1,1,1,1,1,1,1,1
98.14399954648526,98.32975918367347,45,45,1,1,1,1,1,1,1,1,1,1,1,1,1,1,1,1
98.14399954648526,98.52712879818594,33,71,1,1,1,1,1,1,1,1,1,1,1,1,1,1,1,1,1,1,1,1,1,1,1,1,1,1,0,0,0,0,0,2,1
97.88858004535147,98.14399954648526,33,65,1,1,1,1,1,1,1,1,1,1,1,1,1,1,1,0,0,0,1,1,1,1
97.7260403628118,97.88858004535147,33,90,1,1,1,1,1,1,1,1,1,1,1,1,1,1
97.36613106575965,97.7260403628118,33,75,1,1,1,1,1,1,1,1,1,1,1,1,1,1,1,1,1,1,1,1,1,1,1,1,1,0,2,2,2,2,1
97.3300172335601,97.40096099773243,45,35,1,1,1,1,1,1,1
97.27196734693878,97.36613106575965,33,84,1,1,1,1,1,1,1,1,1
97.15586757369614,97.27196734693878,33,84,1,1,1,1,1,1,1,1,2,2
96.9817179138322,97.15586757369614,33,91,1,1,1,1,1,1,1,1,1,1,1,1,1,1,1
96.90044807256236,96.9817179138322,33,91,1,1,1,1,1,1,1
96.70307845804989,96.90044807256236,33,76,1,1,1,1,1,1,1,1,1,1,1,1,1,1,1,1,1
96.56375873015874,96.70307845804989,33,88,1,1,1,1,1,1,1,1,1,1,1,1
96.47087891156463,96.56375873015874,33,78,2,2,2,2,2,1,1,1
96.26189931972789,96.47087891156463,33,79,1,1,1,1,1,1,2,2,2,2,2,2,1,1,1,2,2,2
96.05291972789117,96.26189931972789,33,95,1,1,1,1,1,1,1,1,1,1,1,1,1,1,1,1,1,1
95.87877006802721,96.05291972789117,33,79,1,1,1,1,1,1,1,1,1,1,1,1,1,1,1
95.68140045351474,95.87877006802721,33,94,1,1,1,1,1,1,1,1,1,1,1,1,1,1,1,1,1
95.12283764172335,95.28537732426304,35,62,1,1,1,1,1,1,1,0,0,0,0,0,1,1
94.93707800453515,95.12283764172335,35,84,1,1,1,1,1,1,1,1,1,1,1,1,1,1,1,1
94.84419818594104,95.00673786848073,47,53,1,1,1,1,1,1,1,1,1,0,0,0,0,0
94.82097823129251,94.93707800453515,35,77,1,1,1,1,1,1,1,1,1,1
94.75131836734694,94.82097823129251,35,57,0,2,2,1,1,1
94.577168707483,94.83258820861678,40,82,1,1,1,1,1,1,1,1,1,1,1,1,1,1,1,1,1,1,1,1,0,0
94.06632970521542,94.577168707483,40,101,1,1,1,1,1,1,1,1,1,1,1,1,1,1,1,1,1,1,1,1,1,1,1,1,1,1,1,1,1,1,1,1,1,1,1,1,1,1,1,1,1,1,1,1
93.96183990929705,94.06632970521542,40,82,1,1,1,1,1,1,1,1,1
93.86896009070294,94.135989569161,35,70,0,1,1,1,1,1,1,1,1,1,1,1,1,1,1,1,1,1,1,1,2,2,2
93.79930022675737,93.86896009070294,35,63,0,-2,-2,1,0,0
93.7296403628118,93.79930022675737,34,48,-1,-1,-1,-1,1,1
93.54388072562358,93.7296403628118,33,60,0,2,2,1,1,1,1,1,1,1,1,1,1,2,2,2
92.3235492063492,93.48583083900226,28,81,1,1,1,1,1,1,1,1,1,1,1,1,1,1,1,1,1,1,1,1,1,1,1,1,1,1,1,1,1,1,1,1,1,1,1,1,1,1,1,1,1,1,1,1,1,1,1,1,1,1,1,1,1,1,1,1,1,1,1,1,1,1,1,1,1,1,1,1,1,1,1,1,1,1,1,1,1,1,1,1,1,1,1,1,1,1,1,1,1,1,1,1,1,1,1,1,1,1,1,1,1
91.87076009070294,92.24227936507936,35,84,1,1,1,1,1,1,1,1,1,1,1,1,1,1,1,1,1,1,1,1,1,1,1,1,1,1,1,1,1,1,1,1
91.60373061224489,91.87076009070294,35,73,1,1,1,1,1,1,1,1,1,1,1,1,1,1,1,1,1,1,1,1,1,2,2
91.10321768707482,91.2657573696145,47,41,1,1,1,1,1,1,1,1,1,1,1,1,1,1
91.10321768707482,91.60373061224489,35,94,1,1,1,1,1,1,1,1,1,1,1,1,1,1,1,1,1,1,1,1,1,1,1,1,1,1,1,1,1,1,1,1,1,1,1,1,1,1,1,1,1,1,1,1
90.77813832199546,91.10321768707482,35,87,1,1,1,1,1,1,1,1,1,1,1,1,1,1,1,1,1,1,1,1,1,1,1,1,1,1,1,1
90.67364852607709,90.78974829931973,47,48,0,1,1,1,1,1,1,1,1,1
90.66203854875283,90.77813832199546,35,79,1,1,1,1,1,1,1,1,1,1
90.30212925170068,90.58076870748299,33,68,1,1,1,1,1,1,1,1,1,1,0,0,0,0,0,0,0,0,0,0,0,0,0,0
90.20924943310656,90.30212925170068,33,69,0,0,1,1,1,1,1,1
89.89578004535147,90.15119954648526,33,73,1,1,1,1,1,1,1,1,1,1,1,1,1,1,1,1,0,0,0,0,0,0
89.01213786848074,89.89578004535147,33,96,1,1,1,1,1,1,1,1,1,1,1,1,1,1,1,1,1,1,1,1,1,1,1,1,1,1,1,1,1,1,1,1,1,1,1,1,1,1,1,1,1,1,1,1,1,1,1,1,1,1,1,1,1,1,1,1,1,1,1,1,1,1,1,1,1,1,1,1,1,1,1,1,1,1,1,1,1
88.98891791383221,89.27916734693878,45,49,1,1,1,1,1,1,1,1,1,1,1,1,1,1,1,1,1,1,1,1,1,1,1,1,1
88.94247800453515,89.01213786848074,33,58,0,0,1,1,1,1
88.60578866213153,88.93086802721089,32,75,1,1,1,1,1,1,1,1,1,1,1,1,1,1,1,1,1,1,1,1,1,1,1,1,1,1,1,0
88.16460952380953,88.60578866213153,32,85,1,1,1,1,1,1,1,1,1,1,1,1,1,1,1,1,1,1,1,1,1,1,1,1,1,1,1,1,1,1,1,1,1,1,1,1,1,1
87.38545714285715,88.16460952380953,32,84,1,1,1,1,1,1,1,1,1,1,1,1,1,1,1,1,1,1,1,1,1,1,1,1,1,1,1,1,1,1,1,1,1,1,1,1,1,1,1,1,1,1,1,1,1,1,1,1,1,1,1,1,1,1,1,1,1,1,1,1,1,1,1,1,1,1,1,1
87.37384716553288,87.45640090702948,44,41,1,1,1,1,1,1,1,1
87.31579727891156,87.38545714285715,32,74,1,1,1,1,1,1
86.97910793650794,87.31579727891156,32,66,1,1,1,1,1,1,1,1,1,1,1,1,1,1,1,1,1,1,1,1,1,1,1,1,1,1,1,1,1
86.8630081632653,86.97910793650794,32,62,1,1,0,0,0,0,1,1,1,1
86.56114875283447,86.8630081632653,32,73,1,1,1,1,1,1,1,1,1,1,1,1,1,1,1,1,1,1,0,0,0,1,1,1,1,1
85.67879047619047,86.56114875283447,32,90,1,1,1,1,1,1,1,1,1,1,1,1,1,1,1,1,1,1,1,1,1,1,1,1,1,1,1,1,1,1,1,1,1,1,1,1,1,1,1,1,1,1,1,1,1,1,1,1,1,1,1,1,1,1,1,1,1,1,1,1,1,1,1,1,1,1,1,1,1,1,1,1,1,1,1,1
85.6091306122449,85.67879047619047,32,61,0,0,0,1,1,1
85.29437732426304,85.45820090702948,42,59,0,0,0,0,0,0,0,1,0,0,0,0,0,0,0
85.29437732426304,85.64396054421769,30,64,1,1,1,1,1,1,1,1,1,1,1,1,1,1,1,0,0,0,0,0,0,0,1,1,1,1,1,1,1,1,1
85.1782775510204,85.29437732426304,42,49,0,0,0,0,0,0,0,0,0,0
85.1782775510204,85.29437732426304,30,54,2,2,2,2,2,2,0,0,1,1
84.85319818594104,85.1782775510204,28,76,1,1,1,1,1,1,1,1,1,1,1,1,1,1,1,1,1,1,1,1,1,1,1,1,1,1,1,1
84.72548843537415,84.85319818594104,28,71,1,1,1,2,2,2,2,2,2,2,2
84.43523900226758,84.72548843537415,28,79,1,1,1,1,1,1,1,1,1,1,1,1,1,1,1,1,1,1,1,1,1,1,1,1,1
83.97083990929706,84.43523900226758,28,69,1,1,1,1,1,1,1,1,1,1,1,1,1,1,1,1,1,1,1,1,1,1,1,1,1,1,1,1,1,1,1,1,1,1,2,1,1,1,1,1
83.5761006802721,83.97083990929706,28,51,1,1,1,1,1,1,1,1,2,0,0,0,0,0,1,1,1,1,1,1,1,1,1,1,1,1,1,1,1,1,1,1,1,1
83.2729573696145,83.37744716553287,40,39,1,1,1,1,1,1,1,1,1
82.30932925170067,83.5761006802721,28,78,1,1,1,1,1,1,1,1,1,1,1,1,1,1,1,1,1,1,1,1,1,1,1,1,1,1,1,1,1,1,1,1,1,1,1,1,1,1,1,1,1,1,1,1,1,1,1,1,1,1,1,1,1,1,1,1,1,1,1,1,1,1,1,1,1,1,1,1,1,1,1,1,1,1,1,1,1,1,1,1,1,1,1,1,1,1,1,1,1,1,1,1,1,1,1,1,1,1,1,0,0,0,1,1,1,1,1,1,1,1
82.12356961451246,82.37898911564625,40,62,1,1,1,1,1,1,1,1,1,1,1,1,1,1,1,1,1,1,1,1,1,1
82.00746984126984,82.12356961451246,41,69,1,1,1,1,1,1,1,1,1,1
81.87976009070294,82.00746984126984,41,55,4,1,1,1,1,1,1,1,1,1,1
81.55468072562358,81.87976009070294,42,81,1,1,1,1,1,1,1,1,1,1,1,1,1,1,1,1,1,1,1,1,1,1,1,1,1,1,1,1
81.485020861678,81.57790068027211,35,52,1,0,1,1,1,1,1,1
81.46180090702947,81.55468072562358,42,68,0,1,1,1,1,1,1,1
81.35602721088436,81.485020861678,35,89,1,1,1,1,1,1,1,1,1,1,1,1
80.84518820861679,81.35602721088436,35,92,1,1,1,1,1,1,1,1,1,1,1,1,1,1,1,1,1,1,1,1,1,1,1,1,1,1,1,1,1,1,1,1,1,1,1,1,1,1,1,1,1,1,1,1
80.7174784580499,80.84518820861679,35,86,1,1,1,1,1,1,1,1,1,0,1
80.65942857142858,80.82196825396827,47,44,0,1,1,1,1,1,1,1,1,1,1,1,1,1
80.63620861678005,80.7174784580499,35,77,1,1,1,1,1,1,1
80.2414693877551,80.63620861678005,40,82,1,1,1,1,1,1,1,1,1,1,1,1,1,1,1,1,1,1,1,1,1,1,1,1,1,1,1,1,1,1,1,1,1,1
78.97469795918367,80.2414693877551,40,87,1,1,1,1,1,1,1,1,1,1,1,1,1,1,1,1,1,1,1,1,1,1,1,1,1,1,1,1,1,1,1,1,1,1,1,1,1,1,1,1,1,1,1,1,1,1,1,1,1,1,1,1,1,1,1,1,1,1,1,1,1,1,1,1,1,1,1,1,1,1,1,1,1,1,1,1,1,1,1,1,1,1,1,1,1,1,1,1,1,1,1,1,1,1,1,1,1,1,1,1,1,1,1,1,-1,-1,-1,-1,1,1
78.97469795918367,79.17206757369615,35,57,1,1,1,1,1,1,1,1,1,1,1,1,1,1,1,1,1
78.56834875283447,78.97469795918367,35,89,1,1,1,1,1,1,1,1,1,1,1,1,1,1,1,1,1,1,1,1,1,1,1,1,1,1,1,1,1,1,1,1,1,1,1
78.49868888888889,78.56834875283447,35,64,1,1,1,1,1,1
77.77887029478458,78.49868888888889,35,86,1,1,1,1,1,1,1,1,1,1,1,1,1,1,1,1,1,1,1,1,1,1,1,1,1,1,1,1,1,1,1,1,1,1,1,1,1,1,1,1,1,1,1,1,1,1,1,1,1,1,1,1,1,1,1,1,1,1,1,1,1,1
77.39445714285715,77.77887029478458,35,87,1,1,1,1,1,1,1,1,1,1,1,1,1,1,1,1,1,1,1,1,1,1,1,1,1,1,1,1,1,1,1,1,1,1
77.32479727891156,77.45250702947845,47,50,1,1,1,0,0,0,1,1,1,1,1
77.3131873015873,77.39445714285715,35,74,1,1,1,1,1,1,1
77.24352743764172,77.3131873015873,35,37,-5,-5,2,2,2,2
76.88361814058958,77.28996734693878,33,79,2,1,1,1,1,1,1,1,1,1,1,1,1,1,1,0,0,0,1,0,0,0,0,1,1,1,0,0,0,0,1,1,1,0,0
75.711010430839,76.88361814058958,33,93,1,1,1,1,1,1,1,1,1,1,1,1,1,1,1,1,1,1,1,1,1,1,1,1,1,1,1,1,1,1,1,1,1,1,1,1,1,1,1,1,1,1,1,1,1,1,1,1,1,1,1,1,1,1,1,1,1,1,1,1,1,1,1,1,1,1,1,1,1,1,1,1,1,1,1,1,1,1,1,1,1,1,1,1,1,1,1,1,1,1,1,1,1,1,1,1,1,-1,-1,-1,-1
75.26854739229024,75.6181306122449,32,72,1,1,1,1,1,1,1,1,1,1,1,1,1,1,1,1,1,1,1,1,1,1,1,1,1,1,1,1,1,1,1
74.85058820861678,75.26854739229024,32,73,2,2,2,1,1,1,1,1,1,1,1,1,1,1,1,1,1,1,1,1,1,1,1,1,1,1,1,1,1,1,1,-1,-1,-1,1,1
74.43262902494331,74.85058820861678,32,81,1,1,1,1,1,1,1,1,1,1,1,1,1,1,1,1,1,1,1,1,1,1,1,1,1,1,1,1,1,0,2,2,2,2,2,2
74.07271972789115,74.43262902494331,32,89,1,1,1,1,1,1,1,1,1,1,1,1,1,1,1,1,1,1,1,1,1,1,1,1,1,1,1,1,1,1,1
73.95661995464852,74.07271972789115,32,75,1,1,1,1,1,1,1,1,0,1
73.57349070294784,73.8056902494331,32,72,1,1,1,1,1,1,1,1,1,1,2,2,2,2,2,2,2,2,2,1
72.31832925170067,72.38798911564625,44,36,1,1,1,1,1,1
72.29510929705215,73.57349070294784,32,84,1,1,1,1,0,0,0,1,1,1,1,1,1,1,1,1,1,1,1,1,1,1,1,1,1,1,1,1,1,1,1,1,1,1,1,1,1,1,1,1,1,1,1,1,1,1,1,1,1,1,1,1,1,1,1,1,1,1,1,1,1,1,1,1,1,1,1,1,1,1,1,1,1,1,1,1,1,1,1,1,1,1,1,1,1,1,1,1,1,1,1,1,1,1,1,1,2,1,1,1,2,2,1,-1,-1,1,2,2,2,2,2
71.91198004535147,72.26027936507936,30,68,1,1,1,1,1,1,1,1,1,1,1,1,1,1,1,1,1,1,1,1,1,1,1,1,1,1,1,1,1,1
71.9003700680272,72.3067192743764,42,72,0,1,1,1,1,1,1,1,1,1,1,1,1,1,1,0,0,0,1,1,1,1,1,1,1,1,1,1,1,1,1,1,1,1,1
71.8423201814059,71.91198004535147,30,53,1,1,1,1,1,1
71.81910022675737,71.9003700680272,42,41,1,1,1,1,1,0,0
71.52885079365079,71.85393015873015,28,73,1,1,1,1,1,1,1,1,1,1,1,1,1,1,1,1,1,1,1,1,1,1,1,1,1,1,1,1
71.1328276643991,71.52885079365079,28,82,1,1,1,1,1,1,1,1,1,1,1,1,1,1,1,1,1,1,1,1,1,1,1,1,1,1,1,0,0,0,0,0,0,0,0
70.65681859410431,71.1328276643991,28,79,1,1,1,1,1,1,1,1,1,1,1,1,1,1,1,1,1,1,1,1,1,1,1,1,1,1,1,1,1,1,1,1,1,1,1,1,1,1,1,1,1
70.1924195011338,70.65681859410431,28,48,1,1,1,1,1,1,1,1,1,1,1,1,1,1,1,1,1,1,1,1,1,1,1,2,1,1,1,1,1,1,1,1,1,1,0,0,0,0,0,1
69.89056009070295,70.05309977324264,40,50,1,1,1,1,1,1,1,1,1,1,1,1,1,1
69.05335782312926,70.04148979591837,28,79,1,1,1,1,1,1,1,1,1,1,1,1,1,1,1,1,1,1,1,1,1,1,1,1,1,1,1,1,1,1,1,1,1,1,1,1,1,1,1,1,1,1,1,1,1,1,1,1,1,1,1,1,1,1,1,1,1,1,1,1,1,1,1,1,1,1,1,1,1,1,1,1,1,1,1,1,1,1,1,1,1,1,1,1,1,1
68.4728589569161,68.68183854875284,42,56,0,0,0,1,1,-1,-1,-1,-1,-1,-1,-1,1,1,1,1,1,1
68.35675918367347,68.4728589569161,43,49,1,1,1,1,1,0,0,0,0,0
68.20582947845806,68.35675918367347,44,68,1,1,1,1,1,1,2,2,2,2,1,1,-2
68.19421950113379,68.31031927437643,56,63,1,1,1,1,1,1,1,1,1,1
68.11294965986394,68.20582947845806,44,64,1,1,1,1,1,1,1,1
65.67357052154195,68.2522693877551,37,100,0,0,0,0,1,1,1,1,1,1,1,1,1,1,1,1,1,1,1,1,1,1,1,1,1,1,1,1,1,1,1,1,1,1,1,1,1,1,1,1,1,1,1,1,1,1,1,1,1,1,1,1,1,1,1,1,1,1,1,1,1,1,1,1,1,1,1,1,1,1,1,1,1,1,1,1,1,1,1,1,1,1,1,1,1,1,1,1,1,1,1,1,1,1,1,1,1,1,1,1,1,1,1,1,1,1,1,1,1,1,1,1,1,1,1,1,1,1,1,1,1,1,1,1,1,1,1,1,1,1,1,1,1,1,1,1,1,1,1,1,1,1,1,1,1,1,1,1,1,1,1,1,1,1,1,1,1,1,1,1,1,1,1,1,1,1,1,1,1,1,1,1,1,1,1,1,1,1,1,1,1,1,1,1,1,1,1,1,1,1,1,1,1,1,1,1,1,1,1,1,1,1,1,1,1,1,1,1,1,1,1,1,1,1,1,1,1,1,1,1,1,1,1
65.47491700680271,65.6271306122449,36,63,1,1,1,1,1,1,1,1,1,1,1,2,2,2
65.28915736961451,65.47491700680271,35,70,1,1,1,1,1,1,1,1,1,1,1,1,1,2,2,2
64.02366984126984,65.28915736961451,35,93,0,1,1,1,1,1,1,1,1,1,1,1,1,1,1,1,1,1,1,1,1,1,1,1,1,1,1,1,1,1,1,1,1,1,1,1,1,1,1,1,1,1,1,1,1,1,1,1,1,1,1,1,1,1,1,1,1,1,1,1,1,1,1,1,1,1,1,1,1,1,1,1,1,1,1,1,1,1,1,1,1,1,1,1,1,1,1,1,1,1,1,1,1,1,1,1,1,1,1,1,1,1,1,1,1,1,1,1,1
64.01205986394558,64.17459954648525,47,41,2,2,2,1,1,1,1,1,1,1,1,1,1,1
63.745030385487524,63.95400997732426,34,61,-2,-2,-2,-1,1,1,1,1,1,1,1,1,1,1,1,1,1,1
62.42020907029479,63.745030385487524,33,100,1,1,1,1,1,1,1,1,1,1,1,1,1,1,1,1,1,1,1,1,1,1,1,1,1,1,1,1,1,1,1,1,1,1,1,1,1,1,1,1,1,1,1,1,1,1,1,1,1,1,1,1,1,1,1,1,1,1,1,1,1,1,1,1,1,1,1,1,1,1,1,1,1,1,1,1,1,1,1,1,1,1,1,1,1,1,1,1,1,1,1,1,1,1,1,1,1,1,1,1,1,1,1,1,1,1,1,1,1,1,1,1,1,1,1
62.32732925170068,62.42020907029479,33,79,0,0,0,0,0,0,1,1
61.909370068027215,62.37376916099773,40,87,1,1,1,0,0,0,1,1,1,1,1,1,1,1,1,1,1,1,1,1,1,1,1,1,1,1,1,1,1,1,1,1,1,1,1,1,0,0,0,0
61.87454013605442,61.955809977324265,33,54,1,1,1,1,1,1,0
60.68903854875283,61.87454013605442,33,98,1,1,1,1,1,1,1,1,1,1,1,1,1,1,1,1,1,1,1,1,1,1,1,1,1,1,1,1,1,1,1,1,1,1,1,1,1,1,1,1,1,1,1,1,1,1,1,1,1,1,1,1,1,1,1,1,1,1,1,1,1,1,1,1,1,1,1,1,1,1,1,1,1,1,1,1,1,1,1,1,1,1,1,1,1,1,1,1,1,1,1,1,1,1,1,1,1,1,1,1,1,1,1
59.864730158730154,60.5729387755102,35,94,1,1,1,1,1,1,1,1,1,1,1,1,1,1,1,1,1,1,1,1,1,1,1,1,1,1,1,1,1,1,1,1,1,1,1,1,1,1,1,1,1,1,1,1,1,1,1,1,1,1,1,1,1,1,1,1,1,1,1,1,1
59.85312018140589,59.934390022675736,47,36,1,1,1,1,1,1,1
58.98108798185941,59.79507029478458,49,52,1,1,1,1,1,1,1,1,1,1,1,1,1,1,1,1,1,1,1,1,1,1,1,1,1,1,1,1,1,1,1,1,1,1,1,1,1,1,1,1,1,1,1,1,1,1,1,1,1,1,1,1,1,1,1,1,1,1,1,1,1,1,1,1,1,1,1,1,1,1,1
58.98108798185941,59.79507029478458,37,90,1,1,1,1,1,1,1,1,1,1,1,1,1,1,1,1,1,1,1,1,1,1,1,1,1,1,1,1,1,1,1,1,1,1,1,1,1,1,1,1,1,1,1,1,1,1,1,1,1,1,1,1,1,1,1,1,1,1,1,1,1,1,1,1,1,1,1,1,1,0,2
57.29635736961451,58.87659818594104,35,92,1,1,1,1,1,1,1,1,1,1,1,1,1,1,1,1,1,1,1,1,1,1,1,1,1,1,1,1,1,1,1,1,1,1,1,1,1,1,1,1,1,1,1,1,1,1,1,1,1,1,1,1,1,1,1,1,1,1,1,1,1,1,1,1,1,1,1,1,1,1,1,1,1,1,1,1,1,1,1,1,1,1,1,1,1,1,1,1,1,1,1,1,1,1,1,1,1,1,1,1,1,1,1,1,1,1,1,1,1,1,1,1,1,1,1,1,1,1,1,1,1,1,1,1,1,1,1,1,1,1,1,1,1,1,1,1,1
55.75223038548753,57.203477551020406,33,98,1,1,1,1,1,1,1,1,1,1,1,1,1,1,1,1,1,1,1,1,1,1,1,1,1,1,1,1,1,1,1,1,1,1,1,1,1,1,1,1,1,1,1,1,1,1,1,1,1,1,1,1,1,1,1,1,1,1,1,1,1,1,1,1,1,1,1,1,1,1,1,1,1,1,1,1,1,1,1,1,1,1,1,1,1,1,1,1,1,1,1,1,1,1,1,1,1,1,1,1,1,1,1,1,1,1,1,1,1,1,1,1,1,1,1,1,1,1,1,1,1,1,1,1,1
55.670960544217685,55.75223038548753,33,92,1,1,1,1,1,1,1
55.53035691609978,55.624520634920636,50,57,1,1,1,1,1,1,1,1,1
55.37942721088436,55.49552698412699,41,52,1,1,1,1,1,1,1,1,1,1
55.077567800453515,55.298157369614515,47,74,1,1,1,1,1,1,1,1,1,1,1,1,1,1,1,1,1,1,1
54.84536825396826,55.077567800453515,47,104,1,1,1,1,1,1,1,1,1,1,1,1,1,1,1,1,1,1,1,1
54.044279818594106,54.84536825396826,52,88,0,1,1,1,1,1,1,1,1,1,1,1,1,1,1,1,1,1,1,1,1,1,1,1,1,1,1,1,1,1,1,1,1,1,1,1,1,1,1,1,1,1,1,1,1,1,1,1,1,1,1,1,1,1,1,1,1,1,1,1,1,1,1,1,1,1,0,0,0
53.835300226757376,53.96300997732427,46,59,0,1,1,1,1,1,2,2,2,3,3
53.59020680272109,53.69598049886621,42,50,-1,-1,-1,-1,-1,-1,-1,-1,0,0
53.427667120181404,53.59020680272109,41,78,0,0,0,1,1,1,1,1,1,1,1,1,1,1
52.33632925170068,53.427667120181404,40,97,0,0,0,1,1,1,1,1,1,1,1,1,1,1,1,1,1,1,1,1,1,1,1,1,1,1,1,1,1,1,1,1,1,1,1,1,1,1,1,1,1,1,1,1,1,1,1,1,1,1,1,1,1,1,1,1,1,1,1,1,1,1,1,1,1,1,1,1,1,1,1,1,1,1,1,0,0,0,0,0,0,1,1,1,1,1,1,1,1,1,1,1,1,1
50.709648526077096,52.31310929705215,35,96,1,1,1,1,1,1,1,1,1,1,1,1,1,1,1,1,1,1,1,1,1,1,1,1,1,1,1,1,1,1,1,1,1,1,1,1,1,1,1,1,1,1,1,1,1,1,1,1,1,1,1,1,1,1,1,1,1,1,1,1,1,1,1,1,1,1,1,1,1,1,1,1,1,1,1,1,1,1,1,1,1,1,1,1,1,1,1,1,1,1,1,1,1,1,1,1,1,1,1,1,1,1,1,1,1,1,1,1,1,1,1,1,1,1,1,1,1,1,0,0,0,0,1,1,1,1,1,1,1,1,1,1,1,1,1,1,1,1,1
50.639988662131515,50.709648526077096,35,68,1,1,1,1,1,1
49.08296780045352,50.54710884353741,33,102,1,1,1,1,1,1,1,1,1,1,1,1,1,1,1,1,1,1,1,1,1,1,1,1,1,1,1,1,1,1,1,1,1,1,1,1,1,1,1,1,1,1,1,1,1,1,1,1,1,1,1,1,1,1,1,1,1,1,1,1,1,1,1,1,1,1,1,1,1,1,1,1,1,1,1,1,1,1,1,1,1,1,1,1,1,1,1,1,1,1,1,1,1,1,1,1,1,1,1,1,1,1,1,1,1,1,1,1,1,1,1,1,1,1,1,1,1,1,1,1,1,1,1,1,1,1,1
49.013307936507935,49.187457596371885,45,41,1,1,1,1,1,1,1,1,1,1,1,1,1,1,1
49.00169795918367,49.08296780045352,33,83,-1,-1,-1,1,1,1,1
47.49111700680272,49.0249179138322,37,93,1,1,1,1,1,1,1,1,1,1,1,1,1,1,1,1,1,1,1,1,1,1,1,1,1,1,1,1,1,1,1,1,1,1,1,1,1,1,1,1,1,1,1,1,1,1,1,1,1,1,1,1,1,1,1,1,1,1,1,1,1,1,1,1,1,1,1,1,1,1,1,1,1,1,1,1,1,1,1,1,1,1,1,1,1,1,1,1,1,1,1,1,1,1,1,1,1,1,1,1,1,1,1,1,1,1,1,1,1,1,1,1,1,1,1,1,1,1,1,1,1,1,1,1,1,0,0,0,0,1,1,1,1
47.316967346938775,47.42145714285714,56,36,-2,1,1,1,1,1,1,1,1
47.316967346938775,47.49111700680272,37,87,1,1,2,2,2,1,1,1,1,1,1,1,1,1,1
47.30535736961451,47.50272698412698,49,50,1,1,1,1,1,1,1,1,1,1,1,1,1,1,1,1,1
47.24730748299319,47.316967346938775,37,35,0,0,0,0,0,1
46.608758730158726,47.22408752834467,39,90,1,1,1,1,1,1,1,1,1,1,1,1,1,1,1,1,1,1,1,1,1,1,1,1,1,1,1,1,1,1,1,1,1,1,1,1,1,1,1,1,1,1,1,1,1,1,1,1,1,1,1,1,1
46.50426893424036,46.608758730158726,39,92,1,1,1,1,1,1,1,1,1
46.492658956916095,46.57392879818594,58,44,0,0,1,1,1,1,1
46.492658956916095,46.713248526077095,51,67,1,1,1,1,1,1,1,1,1,1,1,1,1,1,1,1,1,1,1
45.70318049886621,46.446219047619046,40,83,1,1,1,1,1,1,1,1,1,1,1,1,1,1,1,1,1,1,1,1,1,1,1,1,1,1,1,1,1,1,1,1,1,1,1,1,1,1,1,1,1,1,1,1,1,1,1,1,1,1,1,1,1,1,1,1,1,1,1,1,1,1,1,0
45.69157052154195,45.92377006802721,52,65,0,0,0,0,0,1,1,1,1,1,1,1,1,1,1,1,1,1,1,1
45.620626757369614,45.70318049886621,40,46,1,1,1,1,1,1,1,1
44.07649977324263,45.67867664399093,35,95,1,1,1,1,1,1,1,1,1,1,1,1,1,1,1,1,1,1,1,1,1,1,1,1,1,1,1,1,1,1,1,1,1,1,1,1,1,1,1,1,1,1,1,1,1,1,1,1,1,1,1,1,1,1,1,1,1,1,1,1,1,1,1,1,1,1,1,1,1,1,1,1,1,1,1,1,1,1,1,1,1,1,1,1,1,1,1,1,1,1,1,1,1,1,1,1,1,1,1,1,1,1,1,1,1,1,1,1,1,1,1,1,1,1,1,1,1,1,1,1,1,1,1,1,1,1,1,1,1,1,1,1,1,1,1,1,1,1
43.995229931972794,44.157769614512475,47,35,0,0,0,0,0,1,1,1,1,1,1,1,1,1
43.995229931972794,44.07649977324263,35,85,1,1,1,1,1,1,1
42.32210929705215,43.8675201814059,33,97,1,1,1,1,1,1,1,1,1,1,1,1,1,1,1,1,1,1,1,1,1,1,1,1,1,1,1,1,1,1,1,1,1,1,1,1,1,1,1,1,1,1,1,1,1,1,1,1,1,1,1,1,1,1,1,1,1,1,1,1,1,1,1,1,1,1,1,1,1,1,1,1,1,1,1,1,1,1,1,1,1,1,1,1,1,1,1,1,1,1,1,1,1,1,1,1,1,1,1,1,1,1,1,1,1,1,1,1,1,1,1,1,1,1,1,1,1,1,1,1,1,1,0,0,0,0,0,0,0,0,0,0,0,0
139.76951020408166,139.88560997732426,35,72,0,1,1,1,1,1,1,1,1,1
173.11197142857142,173.57637052154195,40,80,1,1,1,1,1,1,1,1,1,1,1,1,1,1,1,1,1,1,1,1,1,1,1,1,1,1,1,1,1,1,1,1,1,1,1,1,1,1,1,1
148.9929678004535,150.14363945578233,28,79,1,1,1,1,1,1,1,1,1,1,1,1,1,1,1,1,1,1,1,1,1,1,1,1,1,1,1,1,1,1,1,1,1,1,1,1,1,1,1,1,1,1,1,1,1,1,1,1,1,1,1,1,1,1,1,1,1,1,1,1,1,1,1,1,1,1,1,1,1,1,1,1,1,1,1,1,1,1,1,1,1,1,1,1,1,1,1,1,1,1,1,1,1,1,1,1,1,1,1,1
54.694438548752835,54.83375827664399,47,58,1,1,1,1,1,1,1,1,1,1,1,1
230.5721523809524,230.67664217687076,35,73,1,1,1,1,1,1,1,1,1
113.29368117913832,113.3633410430839,36,59,0,0,0,0,0,0
75.62974058956917,75.69940045351474,33,60,-1,-1,-1,-1,1,1
214.4923886621315,214.58655238095238,42,63,1,1,1,1,1,1,1,1,1
108.08855963718821,108.16982947845806,40,59,1,1,1,1,1,1,0
55.58840680272109,55.65935056689342,33,59,1,1,1,1,1,1,1
170.6364784580499,170.70613832199547,35,59,0,0,0,0,0,0
215.65467029478458,215.72433015873017,28,58,0,0,0,0,0,0
123.95805986394558,124.02771972789115,35,62,1,1,1,1,1,1
167.73270022675737,167.91845986394557,54,61,0,0,0,1,1,1,1,1,1,1,1,1,1,1,1,1
211.29836099773243,211.79759002267573,47,57,1,1,1,1,1,1,1,1,1,1,1,1,1,1,1,1,1,1,1,1,1,1,1,1,1,1,1,1,1,1,1,1,1,1,1,1,1,1,1,1,1,1,1
202.23615918367346,202.3290390022676,28,52,0,1,1,1,1,1,1,1
161.43624081632655,161.51751065759638,42,56,0,0,1,1,1,1,1
160.41327891156465,160.50615873015875,37,55,1,1,1,1,1,1,1,1
202.4451387755102,202.92243174603175,40,49,1,1,1,1,1,1,1,1,1,1,1,1,1,1,1,1,1,1,1,1,1,1,1,1,1,1,1,1,1,1,1,1,1,1,1,1,1,1,1,1,1,1
142.20888934240364,142.30176916099774,33,57,1,1,1,1,1,1,1,1
139.53731065759638,139.71146031746034,49,58,1,1,1,1,1,1,1,1,1,1,1,1,1,1,1
124.4224589569161,125.06100770975057,47,51,1,1,1,1,1,1,1,1,1,1,1,1,1,1,1,1,1,1,1,1,1,1,1,1,1,1,1,1,1,1,1,1,1,1,1,1,1,1,1,1,1,1,1,1,1,1,1,1,1,1,1,1,1,1,1
192.29159909297053,192.36125895691612,37,52,1,2,1,1,1,0
62.37376916099773,62.59435873015873,45,55,0,0,0,1,1,1,1,1,1,1,1,1,1,1,1,1,1,1,1
224.7633120181406,225.12322131519275,47,55,1,1,1,1,1,1,1,1,1,1,1,1,1,1,1,1,1,1,1,1,1,1,1,1,1,1,1,1,1,1,1
213.78418004535146,213.93510975056688,49,55,0,0,0,1,1,1,1,1,1,1,1,1,1
186.62207845804988,186.714958276644,37,51,2,2,2,1,1,1,1,1
141.51229070294784,141.9650798185941,45,52,1,1,1,1,1,1,1,1,1,1,1,1,1,1,1,1,1,1,1,1,1,1,1,1,1,1,1,1,1,1,1,1,1,1,1,1,1,1,1
150.28295918367348,150.63125850340137,28,54,0,1,1,1,1,1,1,1,1,1,1,1,1,1,1,1,1,1,1,1,1,1,1,1,1,1,1,1,1,1
112.3055492063492,112.42164897959184,56,53,1,1,1,1,1,1,1,1,1,1
187.73792018140588,187.93528979591838,47,54,0,1,1,1,1,1,1,1,1,1,1,1,1,1,1,1,1
128.33758911564624,128.52334875283447,32,49,1,1,1,1,1,1,1,1,1,1,1,1,1,1,1,1
214.3995088435374,214.5517224489796,47,52,0,0,0,1,1,1,1,1,1,1,1,1,1,1
53.96300997732427,54.06749977324263,47,56,0,0,0,0,1,1,1,1,1
79.02113786848074,79.48682086167801,52,49,0,1,1,1,1,1,1,1,1,1,1,1,1,1,1,1,1,1,1,1,1,1,1,1,1,1,1,1,1,1,1,1,1,1,1,1,1,1,1,1,1
227.2607410430839,227.33040090702949,28,48,1,1,1,1,1,1
138.096389569161,138.3750290249433,47,50,1,1,1,1,1,1,1,1,1,1,1,1,1,1,1,1,0,0,0,0,0,1,1,1
46.91061814058957,47.13120770975056,51,50,1,1,1,1,1,1,1,1,1,1,1,1,1,1,1,1,1,1,1
52.97487800453515,53.12580770975057,52,50,1,1,1,1,1,1,1,1,1,1,1,1,1
181.91746984126985,182.16127936507937,31,50,2,2,2,2,2,2,2,2,1,1,1,1,1,1,1,1,1,1,1,1,1
198.10043945578232,198.2281492063492,47,49,1,1,1,1,1,1,1,1,1,1,1
198.56483854875285,198.6822222222222,52,50,1,0,0,1,1,1,1,1,1,1,2
205.2573210884354,205.38503083900227,61,48,1,1,1,1,1,1,1,1,1,1,1
209.8458299319728,209.98514965986394,45,49,1,1,1,1,0,0,0,1,1,1,1,1
144.8108081632653,145.09073151927439,47,46,1,1,1,1,1,1,1,1,1,1,1,1,1,1,1,1,1,1,1,1,1,1,1,1,1
148.60983854875283,148.69110839002266,59,49,2,1,1,1,1,1,1
197.78697006802722,197.93789977324263,47,47,1,1,1,1,1,1,1,1,1,1,1,1,1
216.49058866213153,216.58475238095238,40,48,1,1,1,1,1,1,1,1,1
194.22013922902494,194.47555873015872,45,46,1,1,1,1,1,1,1,1,1,1,1,1,1,1,1,1,1,1,1,1,1,1
234.89363174603176,235.3232009070295,28,47,1,1,1,1,1,1,1,1,1,1,1,1,1,1,1,1,1,1,1,1,1,1,1,1,1,1,1,1,1,1,1,1,1,1,1,1,1
67.68338049886621,68.11294965986394,49,44,1,1,1,1,1,1,1,1,1,1,1,1,1,1,1,1,1,1,1,1,1,1,1,1,1,1,1,1,1,1,1,1,1,1,1,1,1
193.5119306122449,193.76735011337868,47,46,1,1,1,1,1,1,1,1,1,1,1,1,1,1,1,1,1,1,1,1,1,1
207.82440997732425,207.9405097505669,56,48,1,1,1,1,1,1,1,1,1,1
101.89659002267574,102.02429977324263,28,47,0,0,1,1,1,1,1,1,1,1,0
56.495268934240364,56.704248526077095,45,45,0,1,1,1,1,1,1,1,1,1,1,1,1,1,1,1,1,1
93.18268752834467,93.41617097505669,40,46,1,1,1,1,1,1,1,1,1,1,1,1,1,1,1,1,1,1,1,1,1
184.02015963718821,184.19430929705214,47,46,1,1,1,1,1,1,1,1,1,1,1,1,1,1,1
135.35515102040816,135.48286077097507,58,47,1,1,1,1,1,1,1,1,1,1,1
160.13463945578232,160.2042993197279,47,45,1,1,1,1,1,1
213.56359047619048,213.70291020408163,47,47,0,0,0,0,0,0,1,0,1,1,1,1
208.1610993197279,208.3120290249433,54,45,0,0,1,1,1,1,1,1,1,1,1,1,1
179.01369160997731,179.25750113378683,49,48,0,0,0,0,0,0,0,0,1,1,1,1,1,1,1,1,1,1,1,1,1
44.88919818594105,45.10978775510204,54,46,1,1,1,1,1,1,1,1,1,1,1,1,1,1,1,1,1,1,1
65.48652698412698,65.56908072562358,48,47,1,1,1,1,1,1,1,1
61.52495691609977,61.804880272108846,45,47,1,1,1,1,1,1,1,1,1,1,1,1,1,1,1,1,1,1,1,1,1,1,1,1,1
175.3423709750567,175.4352507936508,66,46,1,1,1,1,1,1,1,0
46.26045941043084,46.330119274376415,52,45,1,1,1,1,1,1
119.7991201814059,119.95004988662131,40,46,1,1,1,1,1,1,1,1,1,1,1,1,1
51.41785714285714,51.54556689342403,47,45,1,1,1,1,1,1,1,1,1,1,1
131.4748507936508,131.70705034013605,47,45,1,1,1,1,1,1,1,1,1,1,1,1,1,1,1,1,1,1,1,1
209.2072811791383,209.35821088435372,45,45,1,1,1,1,1,1,1,1,1,1,1,1,1
108.40202902494332,108.55295873015874,28,44,2,1,1,1,1,1,1,1,1,1,1,1,1
215.07417142857145,215.19027120181408,47,45,1,1,1,1,1,1,1,1,1,1
165.0030716553288,165.09595147392292,62,45,0,0,0,0,0,1,1,1
169.8237800453515,169.9398798185941,45,45,1,1,1,1,1,1,1,1,1,1
168.74276825396825,168.8717619047619,52,44,1,1,1,1,1,1,1,1,1,1,1,1
234.92846167800454,235.12583129251703,56,44,1,1,1,1,1,1,1,1,1,1,1,1,1,1,1,1,1
96.62180861678004,96.70307845804989,45,45,0,0,1,1,1,1,1
199.7503401360544,199.86643990929704,52,44,1,1,1,1,1,1,1,1,1,1
177.38701088435374,177.45667074829933,47,45,1,1,1,1,1,1
81.49663083900226,81.7984902494331,54,44,1,1,1,1,1,1,1,1,1,1,1,1,1,1,1,1,1,1,1,1,1,1,1,1,1,1
131.14977142857143,131.24265124716553,47,43,1,1,1,1,1,1,1,1
105.82333015873016,106.02069977324264,28,44,1,1,1,1,1,1,1,1,1,1,1,1,1,1,1,1,1
102.11717959183673,102.21005941043083,41,44,1,1,1,1,1,1,1,1
70.34334920634922,70.43622902494332,52,44,1,1,1,1,1,1,1,1
53.73081043083901,53.812080272108844,56,44,1,1,1,1,1,2,2
175.45847074829933,175.5281306122449,61,43,1,1,1,1,1,1
204.17630929705214,204.26918911564624,62,44,0,0,0,0,0,0,0,0
55.48391700680273,55.5535768707483,39,44,1,1,1,1,1,1
60.863188208616776,61.072167800453514,45,38,1,1,1,1,1,1,1,1,1,1,1,1,1,1,1,1,1,1
171.3459709750567,171.4620707482993,47,43,1,1,1,1,1,1,1,1,1,1
97.71443038548753,97.79570022675738,61,43,1,1,1,1,1,0,0
62.74528843537415,62.82655827664399,45,43,1,1,1,1,1,1,1
223.25273106575963,223.32239092970522,45,43,1,1,1,1,1,1
122.06434965986395,122.1688394557823,57,43,1,1,1,1,1,1,1,1,1
105.38215102040817,105.53308072562359,30,43,2,2,2,2,2,2,2,2,2,2,2,2,2
149.59797052154195,149.76051020408164,40,43,1,1,1,1,1,1,1,1,1,1,1,1,1,1
91.49924081632653,91.56890068027211,47,43,1,1,1,1,1,1
140.17585941043086,140.39644897959184,47,41,1,1,1,1,1,1,1,1,1,1,1,1,1,1,1,1,1,1,1
143.22024126984127,143.35956099773242,45,43,1,1,1,1,1,1,1,1,1,1,1,1
187.33157097505668,187.4244507936508,59,43,1,1,1,1,1,1,1,1
160.47132879818597,160.54098866213153,49,43,0,0,0,0,1,0
218.62939229024943,218.699052154195,28,42,1,1,1,1,1,1
151.9560798185941,152.0257396825397,54,42,0,1,1,1,1,1
76.54692879818595,76.6862485260771,45,41,1,1,1,1,1,1,1,1,1,1,1,1
207.08137142857143,207.15103129251702,56,42,1,1,1,1,1,1
174.23813922902494,174.30779909297053,52,42,1,1,0,0,0,0
148.20348934240363,148.29636916099773,56,42,1,1,1,1,1,1,1,1
146.83222811791384,146.98315782312926,49,41,1,1,1,1,1,1,1,1,1,1,1,1,1
95.39115102040816,95.472420861678,33,41,2,2,2,0,0,1,1
50.74447845804988,50.814138321995465,47,41,0,0,0,0,0,1
136.5974185941043,136.6670784580499,45,41,1,1,1,1,1,1
174.88958185941044,174.95924172335603,45,40,0,0,0,0,0,1
44.924028117913835,45.040127891156466,47,40,1,1,1,1,1,1,1,1,1,1
60.28268934240363,60.363959183673465,47,40,1,1,1,1,1,1,1
80.28790929705217,80.369179138322,52,40,1,1,1,1,1,1,1
52.75428843537415,52.82394829931973,52,40,0,1,1,1,1,1
67.35701723356009,67.5079469387755,49,36,1,1,1,1,1,1,1,1,1,1,1,1,1
